Found python3, version: Python 3.10.12
[1mApache Maven 3.6.3[m
Maven home: /usr/share/maven
Java version: 17.0.15, vendor: Ubuntu, runtime: /usr/lib/jvm/java-17-openjdk-amd64
Default locale: en, platform encoding: UTF-8
OS name: "linux", version: "5.15.0-46-generic", arch: "amd64", family: "unix"
1.10.1
Get params:
    BUILD_BE                    -- 1
    BUILD_FORMAT_LIB            -- 0
    BE_CMAKE_TYPE               -- Release
    BUILD_FE                    -- 0
    BUILD_SPARK_DPP             -- 0
    BUILD_HIVE_UDF              -- 0
    CCACHE                      -- ccache
    CLEAN                       -- 0
    WITH_GCOV                   -- OFF
    WITH_BENCH                  -- OFF
    WITH_CLANG_TIDY             -- OFF
    WITH_COMPRESS_DEBUG_SYMBOL  -- OFF
    WITH_STARCACHE              -- ON
    ENABLE_SHARED_DATA          -- ON
    USE_AVX2                    -- ON
    USE_AVX512                  -- OFF
    USE_SSE4_2                  -- ON
    USE_BMI_2                   -- ON
    PARALLEL                    -- 27
    ENABLE_QUERY_DEBUG_TRACE    -- OFF
    ENABLE_FAULT_INJECTION      -- OFF
    BUILD_JAVA_EXT              -- OFF
    OUTPUT_COMPILE_TIME         -- OFF
    WITH_TENANN                 -- ON
    WITH_RELATIVE_SRC_PATH      -- ON
    WITH_MAVEN_BATCH_MODE       -- ON
    DISABLE_JAVA_CHECK_STYLE    -- OFF

Build generated code
make -C script
make[1]: Entering directory '/home/xujia/starrocks/gensrc/script'
python3 /home/xujia/starrocks/gensrc/script/../../build-support/gen_build_version.py --cpp /home/xujia/starrocks/gensrc/script/../build//gen_cpp
gen_build_version.py /home/xujia/starrocks/gensrc/script/../build//gen_cpp/version.cpp: old fingerprint = 247a95c18497cf49accd34946a05b474, new fingerprint = 247a95c18497cf49accd34946a05b474
make[1]: Leaving directory '/home/xujia/starrocks/gensrc/script'
make -C proto
make[1]: Entering directory '/home/xujia/starrocks/gensrc/proto'
make[1]: Nothing to be done for 'all'.
make[1]: Leaving directory '/home/xujia/starrocks/gensrc/proto'
make -C thrift
make[1]: Entering directory '/home/xujia/starrocks/gensrc/thrift'
make[1]: Nothing to be done for 'all'.
make[1]: Leaving directory '/home/xujia/starrocks/gensrc/thrift'
cmake version 3.22.1

CMake suite maintained and supported by Kitware (kitware.com/cmake).
Build Backend: Release
-- Build type is RELEASE
-- Build target arch is x86_64
-- make test: OFF
-- WITH TENANN is: ON
-- build gensrc if necessary
make: Entering directory '/home/xujia/starrocks/gensrc'
make -C script
make[1]: Entering directory '/home/xujia/starrocks/gensrc/script'
python3 /home/xujia/starrocks/gensrc/script/../../build-support/gen_build_version.py --cpp /home/xujia/starrocks/gensrc/script/../build//gen_cpp
gen_build_version.py /home/xujia/starrocks/gensrc/script/../build//gen_cpp/version.cpp: old fingerprint = 247a95c18497cf49accd34946a05b474, new fingerprint = 247a95c18497cf49accd34946a05b474
make[1]: Leaving directory '/home/xujia/starrocks/gensrc/script'
make -C proto
make[1]: Entering directory '/home/xujia/starrocks/gensrc/proto'
make[1]: Nothing to be done for 'all'.
make[1]: Leaving directory '/home/xujia/starrocks/gensrc/proto'
make -C thrift
make[1]: Entering directory '/home/xujia/starrocks/gensrc/thrift'
make[1]: Nothing to be done for 'all'.
make[1]: Leaving directory '/home/xujia/starrocks/gensrc/thrift'
make: Leaving directory '/home/xujia/starrocks/gensrc'
-- /var/local/thirdparty/installed/lib/libboost_thread.a/var/local/thirdparty/installed/lib/libboost_regex.a/var/local/thirdparty/installed/lib/libboost_program_options.a/var/local/thirdparty/installed/lib/libboost_filesystem.a/var/local/thirdparty/installed/lib/libboost_context.a/var/local/thirdparty/installed/lib/libboost_iostreams.a/var/local/thirdparty/installed/lib/libboost_chrono.a/var/local/thirdparty/installed/lib/libboost_atomic.a
-- Using OpenSSL Root Dir: /var/local/thirdparty/installed/
-- Found AWS SDK for C++, Version: 1.11.267, Install Root:/var/local/thirdparty/installed, Platform Prefix:, Platform Dependent Libraries: pthread;crypto;ssl;z;curl
-- Components specified for AWSSDK: core;s3;s3-crt;transfer;identity-management;sts, application will be depending on libs: aws-cpp-sdk-s3-crt;aws-cpp-sdk-transfer;aws-cpp-sdk-identity-management;aws-cpp-sdk-cognito-identity;aws-cpp-sdk-sts;aws-cpp-sdk-s3;aws-cpp-sdk-core;aws-crt-cpp;aws-c-auth;aws-c-cal;aws-c-common;aws-c-compression;aws-c-event-stream;aws-c-http;aws-c-io;aws-c-mqtt;aws-c-s3;aws-checksums;aws-c-sdkutils;pthread;crypto;ssl;z;curl
-- Try finding aws-cpp-sdk-core
-- S2N found target: crypto
-- crypto Include Dir: crypto_INCLUDE_DIR-NOTFOUND
-- S2N found target: crypto
-- crypto Include Dir: crypto_INCLUDE_DIR-NOTFOUND
-- S2N found target: crypto
-- crypto Include Dir: crypto_INCLUDE_DIR-NOTFOUND
-- S2N found target: crypto
-- crypto Include Dir: crypto_INCLUDE_DIR-NOTFOUND
-- S2N found target: crypto
-- crypto Include Dir: crypto_INCLUDE_DIR-NOTFOUND
-- S2N found target: crypto
-- crypto Include Dir: crypto_INCLUDE_DIR-NOTFOUND
-- S2N found target: crypto
-- crypto Include Dir: crypto_INCLUDE_DIR-NOTFOUND
-- S2N found target: crypto
-- crypto Include Dir: crypto_INCLUDE_DIR-NOTFOUND
-- Found aws-cpp-sdk-core
-- Try finding aws-cpp-sdk-s3
-- Found aws-cpp-sdk-s3
-- Try finding aws-cpp-sdk-sts
-- Found aws-cpp-sdk-sts
-- Try finding aws-cpp-sdk-cognito-identity
-- Found aws-cpp-sdk-cognito-identity
-- Try finding aws-cpp-sdk-identity-management
-- Found aws-cpp-sdk-identity-management
-- Try finding aws-cpp-sdk-transfer
-- Found aws-cpp-sdk-transfer
-- Try finding aws-cpp-sdk-s3-crt
-- Found aws-cpp-sdk-s3-crt
-- Found OpenSSL: /var/local/thirdparty/installed/lib/libcrypto.a (found version "1.1.1m") found components: Crypto 
-- Found OpenSSL: /var/local/thirdparty/installed/lib/libcrypto.a (found version "1.1.1m") found components: SSL 
-- Could NOT find ZLIB (missing: ZLIB_LIBRARY ZLIB_INCLUDE_DIR) 
-- Could NOT find Protobuf (missing: Protobuf_INCLUDE_DIR) 
-- Found RE2 via CMake.
-- Using gRPC 1.43.0
-- link the starcache in directory: /var/local/thirdparty/installed//starcache
-- Searching starlet related libraries from /var/local/thirdparty/installed/starlet ...
-- Using prometheus-cpp
--   include: /var/local/thirdparty/installed/starlet/third_party/include
-- Found OpenSSL: /var/local/thirdparty/installed/lib/libcrypto.a (found version "1.1.1m")  
-- Using starlet 0.0.1
-- starlet inc dir: /var/local/thirdparty/installed/starlet/starlet_install/include
-- starlet lib dir: /var/local/thirdparty/installed/starlet/starlet_install/lib
-- Enable JIT
-- Compiler Flags:   -Wall -Wno-sign-compare -Wno-unknown-pragmas -pthread -Wno-register -Wno-strict-aliasing -fno-omit-frame-pointer -std=gnu++20 -D__STDC_FORMAT_MACROS -Wno-deprecated -Wno-vla -Wno-comment -ffile-prefix-map=/home/xujia/starrocks/be/build_Release=. -ffile-prefix-map=/home/xujia/starrocks/be=be -fno-sized-deallocation -Werror -Wno-unused-parameter -Wno-documentation -Wno-weak-vtables -Werror=string-plus-int -Werror=pessimizing-move -Werror=delete-non-virtual-dtor -Wno-reserved-identifier -Wno-suggest-destructor-override -Wno-documentation-unknown-command -Wno-old-style-cast -Wno-c++20-designator -Wno-mismatched-tags -Wno-bitwise-instead-of-logical -Wno-inconsistent-missing-override -Wno-ambiguous-reversed-operator -Wno-unsafe-buffer-usage -Wno-switch-default -DBOOST_DATE_TIME_POSIX_TIME_STD_CONFIG -DBOOST_SYSTEM_NO_DEPRECATED -DBOOST_UUID_RANDOM_PROVIDER_FORCE_POSIX -Werror=return-type -Werror=switch -DUSE_STAROS -DWITH_STARCACHE --gcc-toolchain=/bin/.. -msse4.2 -mpclmul -mavx2 -mbmi2  -Wno-attributes -DS2_USE_GFLAGS -DS2_USE_GLOG -faligned-new  -DSTARROCKS_JIT_ENABLE -g -Wno-unused-local-typedefs -O3 -gdwarf-4 -DNDEBUG
use jemalloc
GLIBC version: 2.35
using linker: lld
++++ <STARROCKS_HOME> is set. formats/orc/apache-orc is compiled in StarRocks env ++++
-- Build type: RELEASE
-- compiler Clang version 19.1.7
-- SNAPPY_HOME: /var/local/thirdparty/installed
-- Found the Snappy header: /var/local/thirdparty/installed/include/snappy.h
-- Found the Snappy library: /var/local/thirdparty/installed/lib/libsnappy.a
-- ZLIB_HOME: /var/local/thirdparty/installed
-- Found the ZLIB header: /var/local/thirdparty/installed//include/zlib.h
-- Found the ZLIB library: /var/local/thirdparty/installed//lib/libz.a
-- Found the ZLIB static library: /var/local/thirdparty/installed/lib/libz.a
-- ZSTD_HOME: /var/local/thirdparty/installed
-- Found the zstd header: /var/local/thirdparty/installed/include/zstd/zstd.h
-- Found the zstd library: /var/local/thirdparty/installed/lib
-- LZ4_HOME: /var/local/thirdparty/installed
-- Found the LZ4 header: /var/local/thirdparty/installed/include/lz4/lz4.h
-- Found the LZ4 library: /var/local/thirdparty/installed/lib
-- PROTOBUF_HOME: /var/local/thirdparty/installed
-- Found the Protobuf headers: /var/local/thirdparty/installed/include
-- Found the Protobuf library: /var/local/thirdparty/installed/lib/libprotobuf.a
-- Found the Protoc library: /var/local/thirdparty/installed/lib/libprotoc.a
-- Found the Protoc executable: /var/local/thirdparty/installed/bin/protoc
-- Found the Protobuf static library: /var/local/thirdparty/installed/lib/libprotobuf.a
-- Found the Protoc static library: /var/local/thirdparty/installed/lib/libprotoc.a
-- Configuring done
-- Generating done
-- Build files have been written to: /home/xujia/starrocks/be/build_Release
[1/1346] Building CXX object src/agent/CMakeFiles/Agent.dir/heartbeat_server.cpp.o
[2/1346] Building CXX object src/agent/CMakeFiles/Agent.dir/utils.cpp.o
[3/1346] Building CXX object src/agent/CMakeFiles/Agent.dir/master_info.cpp.o
[4/1346] Building CXX object src/agent/CMakeFiles/Agent.dir/report_task.cpp.o
[5/1346] Building CXX object src/common/CMakeFiles/Common.dir/greplog.cpp.o
[6/1346] Building CXX object src/common/CMakeFiles/Common.dir/status.cpp.o
[7/1346] Building CXX object src/common/CMakeFiles/Common.dir/statusor.cpp.o
[8/1346] Building CXX object src/agent/CMakeFiles/Agent.dir/agent_task.cpp.o
[9/1346] Building CXX object src/common/CMakeFiles/Common.dir/s3_uri.cpp.o
[10/1346] Building CXX object src/common/CMakeFiles/Common.dir/process_exit.cpp.o
[11/1346] Building CXX object src/agent/CMakeFiles/Agent.dir/task_signatures_manager.cpp.o
[12/1346] Building CXX object src/common/CMakeFiles/Common.dir/prof/heap_prof.cpp.o
[13/1346] Building CXX object src/agent/CMakeFiles/Agent.dir/publish_version.cpp.o
[14/1346] Building CXX object src/agent/CMakeFiles/Agent.dir/agent_server.cpp.o
[15/1346] Building CXX object src/common/CMakeFiles/Common.dir/tracer.cpp.o
[16/1346] Building CXX object src/agent/CMakeFiles/Agent.dir/finish_task.cpp.o
[17/1346] Building CXX object src/connector/CMakeFiles/Connector.dir/es_connector.cpp.o
[18/1346] Building CXX object src/agent/CMakeFiles/Agent.dir/task_worker_pool.cpp.o
[19/1346] Building CXX object src/formats/CMakeFiles/Formats.dir/csv/decimalv2_converter.cpp.o
[20/1346] Building CXX object src/connector/CMakeFiles/Connector.dir/deletion_vector/deletion_bitmap.cpp.o
[21/1346] Building CXX object src/common/CMakeFiles/Common.dir/minidump.cpp.o
[22/1346] Building CXX object src/agent/CMakeFiles/Agent.dir/resource_group_usage_recorder.cpp.o
[23/1346] Building CXX object src/connector/CMakeFiles/Connector.dir/sink_memory_manager.cpp.o
[24/1346] Building CXX object src/connector/CMakeFiles/Connector.dir/deletion_vector/deletion_vector.cpp.o
[25/1346] Building CXX object src/common/CMakeFiles/Common.dir/daemon.cpp.o
[26/1346] Building CXX object src/common/CMakeFiles/Common.dir/logconfig.cpp.o
[27/1346] Building CXX object src/common/CMakeFiles/Common.dir/configbase.cpp.o
[28/1346] Building CXX object src/connector/CMakeFiles/Connector.dir/jdbc_connector.cpp.o
[29/1346] Building CXX object src/connector/CMakeFiles/Connector.dir/iceberg_connector.cpp.o
[30/1346] Building CXX object src/connector/CMakeFiles/Connector.dir/connector_chunk_sink.cpp.o
[31/1346] Building CXX object src/connector/CMakeFiles/Connector.dir/utils.cpp.o
[32/1346] Building CXX object src/connector/CMakeFiles/Connector.dir/async_flush_stream_poller.cpp.o
[33/1346] Building CXX object src/connector/CMakeFiles/Connector.dir/partition_chunk_writer.cpp.o
[34/1346] Building CXX object src/connector/CMakeFiles/Connector.dir/connector_sink_executor.cpp.o
[35/1346] Building CXX object src/column/CMakeFiles/Column.dir/array_view_column.cpp.o
[36/1346] Building CXX object src/connector/CMakeFiles/Connector.dir/connector.cpp.o
[37/1346] Building CXX object src/connector/CMakeFiles/Connector.dir/file_connector.cpp.o
[38/1346] Building CXX object src/connector/CMakeFiles/Connector.dir/binlog_connector.cpp.o
[39/1346] Building CXX object src/connector/CMakeFiles/Connector.dir/file_chunk_sink.cpp.o
[40/1346] Building CXX object src/connector/CMakeFiles/Connector.dir/hive_chunk_sink.cpp.o
[41/1346] Building CXX object src/column/CMakeFiles/Column.dir/array_column.cpp.o
[42/1346] Building CXX object src/column/CMakeFiles/Column.dir/chunk_extra_data.cpp.o
[43/1346] Building CXX object src/column/CMakeFiles/Column.dir/column.cpp.o
[44/1346] Building CXX object src/connector/CMakeFiles/Connector.dir/lake_connector.cpp.o
[45/1346] Building CXX object src/column/CMakeFiles/Column.dir/nullable_column.cpp.o
[46/1346] Building CXX object src/connector/CMakeFiles/Connector.dir/iceberg_chunk_sink.cpp.o
[47/1346] Building CXX object src/column/CMakeFiles/Column.dir/datum.cpp.o
[48/1346] Building CXX object src/column/CMakeFiles/Column.dir/column_visitor.cpp.o
[49/1346] Building CXX object src/column/CMakeFiles/Column.dir/column_visitor_mutable.cpp.o
[50/1346] Building CXX object src/column/CMakeFiles/Column.dir/datum_convert.cpp.o
[51/1346] Building CXX object src/column/CMakeFiles/Column.dir/datum_tuple.cpp.o
[52/1346] Building CXX object src/column/CMakeFiles/Column.dir/german_string.cpp.o
[53/1346] Building CXX object src/formats/CMakeFiles/Formats.dir/csv/array_reader.cpp.o
[54/1346] Building CXX object src/formats/CMakeFiles/Formats.dir/csv/array_converter.cpp.o
[55/1346] Building CXX object src/column/CMakeFiles/Column.dir/chunk.cpp.o
[56/1346] Building CXX object src/column/CMakeFiles/Column.dir/const_column.cpp.o
[57/1346] Building CXX object src/formats/CMakeFiles/Formats.dir/csv/boolean_converter.cpp.o
[58/1346] Building CXX object src/column/CMakeFiles/Column.dir/binary_column.cpp.o
[59/1346] Building CXX object src/column/CMakeFiles/Column.dir/stream_chunk.cpp.o
[60/1346] Building CXX object src/formats/CMakeFiles/Formats.dir/csv/date_converter.cpp.o
[61/1346] Building CXX object src/connector/CMakeFiles/Connector.dir/hive_connector.cpp.o
[62/1346] Building CXX object src/column/CMakeFiles/Column.dir/adaptive_nullable_column.cpp.o
[63/1346] Building CXX object src/column/CMakeFiles/Column.dir/field.cpp.o
[64/1346] Building CXX object src/formats/CMakeFiles/Formats.dir/csv/csv_file_writer.cpp.o
[65/1346] Building CXX object src/formats/CMakeFiles/Formats.dir/csv/datetime_converter.cpp.o
[66/1346] Building CXX object src/column/CMakeFiles/Column.dir/variant_column.cpp.o
[67/1346] Building CXX object src/column/CMakeFiles/Column.dir/schema.cpp.o
[68/1346] Building CXX object src/formats/CMakeFiles/Formats.dir/csv/csv_reader.cpp.o
[69/1346] Building CXX object src/formats/CMakeFiles/Formats.dir/csv/default_value_converter.cpp.o
[70/1346] Building CXX object src/column/CMakeFiles/Column.dir/object_column.cpp.o
[71/1346] Building CXX object src/formats/CMakeFiles/Formats.dir/csv/converter.cpp.o
[72/1346] Building CXX object src/formats/CMakeFiles/Formats.dir/csv/json_converter.cpp.o
[73/1346] Building CXX object src/formats/CMakeFiles/Formats.dir/csv/nullable_converter.cpp.o
[74/1346] Building CXX object src/formats/CMakeFiles/Formats.dir/csv/map_converter.cpp.o
[75/1346] Building CXX object src/column/CMakeFiles/Column.dir/column_view/column_view_helper.cpp.o
[76/1346] Building CXX object src/formats/CMakeFiles/Formats.dir/csv/float_converter.cpp.o
[77/1346] Building CXX object src/formats/CMakeFiles/Formats.dir/csv/numeric_converter.cpp.o
[78/1346] Building CXX object src/column/CMakeFiles/Column.dir/column_viewer.cpp.o
[79/1346] Building CXX object src/column/CMakeFiles/Column.dir/fixed_length_column.cpp.o
[80/1346] Building CXX object src/column/CMakeFiles/Column.dir/decimalv3_column.cpp.o
[81/1346] Building CXX object src/column/CMakeFiles/Column.dir/struct_column.cpp.o
[82/1346] Building CXX object src/column/CMakeFiles/Column.dir/column_view/column_view_base.cpp.o
[83/1346] Building CXX object src/formats/CMakeFiles/Formats.dir/csv/string_converter.cpp.o
[84/1346] Building CXX object src/formats/CMakeFiles/Formats.dir/csv/varbinary_converter.cpp.o
[85/1346] Building CXX object src/formats/CMakeFiles/Formats.dir/json/nullable_column.cpp.o
[86/1346] Building CXX object src/column/CMakeFiles/Column.dir/column_access_path.cpp.o
[87/1346] Building CXX object src/column/CMakeFiles/Column.dir/column_helper.cpp.o
[88/1346] Building CXX object src/formats/CMakeFiles/Formats.dir/csv/decimalv3_converter.cpp.o
[89/1346] Building CXX object src/column/CMakeFiles/Column.dir/map_column.cpp.o
[90/1346] Building CXX object src/formats/CMakeFiles/Formats.dir/json/binary_column.cpp.o
[91/1346] Building CXX object src/formats/CMakeFiles/Formats.dir/avro/cpp/column_reader.cpp.o
[92/1346] Building CXX object src/formats/CMakeFiles/Formats.dir/avro/cpp/binary_column_reader.cpp.o
[93/1346] Building CXX object src/formats/CMakeFiles/Formats.dir/avro/cpp/avro_schema_builder.cpp.o
[94/1346] Building CXX object src/formats/CMakeFiles/Formats.dir/avro/cpp/date_column_reader.cpp.o
[95/1346] Building CXX object src/formats/CMakeFiles/Formats.dir/orc/orc_memory_pool.cpp.o
[96/1346] Building CXX object src/formats/CMakeFiles/Formats.dir/avro/nullable_column.cpp.o
[97/1346] Building CXX object src/formats/CMakeFiles/Formats.dir/avro/cpp/utils.cpp.o
[98/1346] Building CXX object src/formats/CMakeFiles/Formats.dir/json/struct_column.cpp.o
[99/1346] Building CXX object src/formats/CMakeFiles/Formats.dir/avro/cpp/nullable_column_reader.cpp.o
[100/1346] Building CXX object src/formats/CMakeFiles/Formats.dir/json/map_column.cpp.o
[101/1346] Building CXX object src/formats/CMakeFiles/Formats.dir/avro/cpp/complex_column_reader.cpp.o
[102/1346] Building CXX object src/formats/CMakeFiles/Formats.dir/orc/memory_stream/MemoryInputStream.cc.o
[103/1346] Building CXX object src/formats/CMakeFiles/Formats.dir/json/numeric_column.cpp.o
[104/1346] Building CXX object src/formats/CMakeFiles/Formats.dir/orc/memory_stream/MemoryOutputStream.cc.o
[105/1346] Building CXX object src/formats/CMakeFiles/Formats.dir/parquet/arrow_memory_pool.cpp.o
[106/1346] Building CXX object src/formats/CMakeFiles/Formats.dir/parquet/column_chunk_reader.cpp.o
[107/1346] Building CXX object src/formats/CMakeFiles/Formats.dir/avro/binary_column.cpp.o
[108/1346] Building CXX object src/formats/CMakeFiles/Formats.dir/orc/utils.cpp.o
[109/1346] Building CXX object src/formats/CMakeFiles/Formats.dir/orc/orc_schema_builder.cpp.o
[110/1346] Building CXX object src/formats/CMakeFiles/Formats.dir/orc/orc_min_max_decoder.cpp.o
[111/1346] Building CXX object src/formats/CMakeFiles/Formats.dir/orc/orc_mapping.cpp.o
[112/1346] Building CXX object src/formats/CMakeFiles/Formats.dir/parquet/level_codec.cpp.o
[113/1346] Building CXX object src/formats/CMakeFiles/Formats.dir/orc/orc_input_stream.cpp.o
[114/1346] Building CXX object src/formats/CMakeFiles/Formats.dir/avro/numeric_column.cpp.o
[115/1346] Building CXX object src/formats/CMakeFiles/Formats.dir/parquet/utils.cpp.o
[116/1346] Building CXX object src/formats/CMakeFiles/Formats.dir/avro/cpp/numeric_column_reader.cpp.o
[117/1346] Building CXX object src/column/CMakeFiles/Column.dir/fixed_length_column_base.cpp.o
[118/1346] Building CXX object src/formats/CMakeFiles/Formats.dir/parquet/stored_column_reader_with_index.cpp.o
[119/1346] Building CXX object src/formats/CMakeFiles/Formats.dir/parquet/column_converter.cpp.o
[120/1346] Building CXX object src/formats/CMakeFiles/Formats.dir/parquet/schema.cpp.o
[121/1346] Building CXX object src/formats/CMakeFiles/Formats.dir/parquet/column_read_order_ctx.cpp.o
[122/1346] Building CXX object src/formats/CMakeFiles/Formats.dir/parquet/meta_helper.cpp.o
[123/1346] Building CXX object src/formats/CMakeFiles/Formats.dir/parquet/parquet_block_split_bloom_filter.cpp.o
[124/1346] Building CXX object src/formats/CMakeFiles/Formats.dir/parquet/page_reader.cpp.o
[125/1346] Building CXX object src/formats/CMakeFiles/Formats.dir/parquet/column_chunk_writer.cpp.o
[126/1346] Building CXX object src/formats/CMakeFiles/Formats.dir/parquet/chunk_writer.cpp.o
[127/1346] Building CXX object src/formats/CMakeFiles/Formats.dir/parquet/column_reader.cpp.o
[128/1346] Building CXX object src/formats/CMakeFiles/Formats.dir/orc/column_reader.cpp.o
[129/1346] Building CXX object src/formats/CMakeFiles/Formats.dir/parquet/column_reader_factory.cpp.o
[130/1346] Building CXX object src/formats/orc/apache-orc/c++/src/CMakeFiles/orc.dir/io/OutputStream.cc.o
[131/1346] Building CXX object src/formats/orc/apache-orc/c++/src/CMakeFiles/orc.dir/io/InputStream.cc.o
[132/1346] Building CXX object src/formats/orc/apache-orc/c++/src/CMakeFiles/orc.dir/sargs/TruthValue.cc.o
[133/1346] Building CXX object src/formats/orc/apache-orc/c++/src/CMakeFiles/orc.dir/sargs/ExpressionTree.cc.o
[134/1346] Building CXX object src/formats/CMakeFiles/Formats.dir/parquet/metadata.cpp.o
[135/1346] Building CXX object src/formats/orc/apache-orc/c++/src/CMakeFiles/orc.dir/sargs/Literal.cc.o
[136/1346] Building CXX object src/formats/orc/apache-orc/c++/src/CMakeFiles/orc.dir/sargs/SargsApplier.cc.o
[137/1346] Building CXX object src/formats/orc/apache-orc/c++/src/CMakeFiles/orc.dir/Adaptor.cc.o
[138/1346] Linking CXX static library ../output/tmp/RELEASE/libCommon.a
[139/1346] Building CXX object src/formats/orc/apache-orc/c++/src/CMakeFiles/orc.dir/sargs/PredicateLeaf.cc.o
[140/1346] Building CXX object src/formats/CMakeFiles/Formats.dir/parquet/variant.cpp.o
[141/1346] Building CXX object src/formats/CMakeFiles/Formats.dir/parquet/file_writer.cpp.o
[142/1346] Building CXX object src/formats/orc/apache-orc/c++/src/CMakeFiles/orc.dir/BloomFilter.cc.o
[143/1346] Building CXX object src/formats/orc/apache-orc/c++/src/CMakeFiles/orc.dir/Compression.cc.o
[144/1346] Building CXX object src/formats/orc/apache-orc/c++/src/CMakeFiles/orc.dir/ByteRLE.cc.o
[145/1346] Building CXX object src/formats/orc/apache-orc/c++/src/CMakeFiles/orc.dir/Murmur3.cc.o
[146/1346] Building CXX object src/formats/orc/apache-orc/c++/src/CMakeFiles/orc.dir/Exceptions.cc.o
[147/1346] Building CXX object src/formats/orc/apache-orc/c++/src/CMakeFiles/orc.dir/Common.cc.o
[148/1346] Building CXX object src/formats/orc/apache-orc/c++/src/CMakeFiles/orc.dir/MemoryPool.cc.o
[149/1346] Building CXX object src/formats/orc/apache-orc/c++/src/CMakeFiles/orc.dir/LzoDecompressor.cc.o
[150/1346] Building CXX object src/formats/orc/apache-orc/c++/src/CMakeFiles/orc.dir/Int128.cc.o
[151/1346] Building CXX object src/exec/CMakeFiles/Exec.dir/schema_scanner/schema_be_txns_scanner.cpp.o
[152/1346] Building CXX object src/formats/orc/apache-orc/c++/src/CMakeFiles/orc.dir/ColumnPrinter.cc.o
[153/1346] Building CXX object src/formats/orc/apache-orc/c++/src/CMakeFiles/orc.dir/OrcFile.cc.o
[154/1346] Building CXX object src/formats/orc/apache-orc/c++/src/CMakeFiles/orc.dir/RLEV2Util.cc.o
[155/1346] Building CXX object src/formats/orc/apache-orc/c++/src/CMakeFiles/orc.dir/RLEv1.cc.o
[156/1346] Building CXX object src/formats/orc/apache-orc/c++/src/CMakeFiles/orc.dir/sargs/SearchArgument.cc.o
[157/1346] Building CXX object src/formats/CMakeFiles/Formats.dir/parquet/parquet_file_writer.cpp.o
[158/1346] Building CXX object src/formats/orc/apache-orc/c++/src/CMakeFiles/orc.dir/RleDecoderV2.cc.o
[159/1346] Building CXX object src/formats/orc/apache-orc/c++/src/CMakeFiles/orc.dir/RleEncoderV2.cc.o
[160/1346] Building CXX object src/formats/orc/apache-orc/c++/src/CMakeFiles/orc.dir/RLE.cc.o
[161/1346] Building CXX object src/formats/orc/apache-orc/c++/src/CMakeFiles/orc.dir/StripeStream.cc.o
[162/1346] Building CXX object src/formats/orc/apache-orc/c++/src/CMakeFiles/orc.dir/ColumnReader.cc.o
[163/1346] Building CXX object src/formats/orc/apache-orc/c++/src/CMakeFiles/orc.dir/Timezone.cc.o
[164/1346] Building CXX object src/formats/CMakeFiles/Formats.dir/parquet/stored_column_reader.cpp.o
[165/1346] Building CXX object src/formats/orc/apache-orc/c++/src/CMakeFiles/orc.dir/wrap/orc-proto-wrapper.cc.o
[166/1346] Building CXX object src/formats/orc/apache-orc/c++/src/CMakeFiles/orc.dir/bit_packing.cc.o
[167/1346] Building CXX object src/formats/orc/apache-orc/c++/src/CMakeFiles/orc.dir/Vector.cc.o
[168/1346] Building CXX object src/fs/CMakeFiles/FileSystem.dir/fd_cache.cpp.o
[169/1346] Building CXX object src/formats/orc/apache-orc/c++/src/CMakeFiles/orc.dir/TypeImpl.cc.o
[170/1346] Building CXX object src/formats/orc/apache-orc/c++/src/CMakeFiles/orc.dir/Writer.cc.o
[171/1346] Building CXX object src/formats/orc/apache-orc/c++/src/CMakeFiles/orc.dir/ColumnWriter.cc.o
[172/1346] Building CXX object src/fs/CMakeFiles/FileSystem.dir/fs_s3.cpp.o
[173/1346] Building CXX object src/formats/orc/apache-orc/c++/src/CMakeFiles/orc.dir/Statistics.cc.o
[174/1346] Building CXX object src/fs/CMakeFiles/FileSystem.dir/azure/utils.cpp.o
[175/1346] Building CXX object src/fs/CMakeFiles/FileSystem.dir/credential/cloud_configuration_factory.cpp.o
[176/1346] Building CXX object src/fs/CMakeFiles/FileSystem.dir/azure/azblob_uri.cpp.o
[177/1346] Building CXX object src/fs/CMakeFiles/FileSystem.dir/encrypt_file.cpp.o
[178/1346] Building CXX object src/fs/CMakeFiles/FileSystem.dir/fs_posix.cpp.o
[179/1346] Building CXX object src/fs/CMakeFiles/FileSystem.dir/azure/fs_azblob.cpp.o
[180/1346] Linking CXX static library ../output/tmp/RELEASE/libAgent.a
[181/1346] Building CXX object src/fs/CMakeFiles/FileSystem.dir/fs.cpp.o
[182/1346] Building CXX object src/fs/CMakeFiles/FileSystem.dir/key_cache.cpp.o
[183/1346] Building CXX object src/fs/CMakeFiles/FileSystem.dir/fs_broker.cpp.o
[184/1346] Building CXX object src/fs/CMakeFiles/FileSystem.dir/fs_memory.cpp.o
[185/1346] Building CXX object src/fs/CMakeFiles/FileSystem.dir/hdfs/hdfs_fs_cache.cpp.o
[186/1346] Building CXX object src/fs/CMakeFiles/FileSystem.dir/s3/poco_http_client.cpp.o
[187/1346] Building CXX object src/fs/CMakeFiles/FileSystem.dir/s3/poco_common.cpp.o
[188/1346] Building CXX object src/formats/CMakeFiles/Formats.dir/parquet/file_reader.cpp.o
[189/1346] Building CXX object src/formats/orc/apache-orc/c++/src/CMakeFiles/orc.dir/Reader.cc.o
[190/1346] Building CXX object src/exec/CMakeFiles/Exec.dir/pipeline/set/union_passthrough_operator.cpp.o
[191/1346] Building CXX object src/exec/CMakeFiles/Exec.dir/pipeline/set/union_const_source_operator.cpp.o
[192/1346] Building CXX object src/fs/CMakeFiles/FileSystem.dir/hdfs/fs_hdfs.cpp.o
[193/1346] Building CXX object src/fs/CMakeFiles/FileSystem.dir/s3/poco_http_client_factory.cpp.o
[194/1346] Building CXX object src/fs/CMakeFiles/FileSystem.dir/bundle_file.cpp.o
[195/1346] Building CXX object src/fs/CMakeFiles/FileSystem.dir/fs_util.cpp.o
[196/1346] Building CXX object src/exec/CMakeFiles/Exec.dir/exchange_node.cpp.o
[197/1346] Building CXX object src/exec/CMakeFiles/Exec.dir/sort_exec_exprs.cpp.o
[198/1346] Building CXX object src/exec/CMakeFiles/Exec.dir/tablet_sink_colocate_sender.cpp.o
[199/1346] Building CXX object src/exec/CMakeFiles/Exec.dir/empty_set_node.cpp.o
[200/1346] Building CXX object src/exec/CMakeFiles/Exec.dir/select_node.cpp.o
[201/1346] Building CXX object src/exec/CMakeFiles/Exec.dir/scan_node.cpp.o
[202/1346] Building CXX object src/exec/CMakeFiles/Exec.dir/short_circuit.cpp.o
[203/1346] Building CXX object src/fs/CMakeFiles/FileSystem.dir/fs_starlet.cpp.o
[204/1346] Building CXX object src/exec/CMakeFiles/Exec.dir/mysql_scanner.cpp.o
[205/1346] Building CXX object src/exec/CMakeFiles/Exec.dir/tablet_sink_sender.cpp.o
[206/1346] Building CXX object src/exec/CMakeFiles/Exec.dir/write_combined_txn_log.cpp.o
[207/1346] Building CXX object src/exec/CMakeFiles/Exec.dir/multi_olap_table_sink.cpp.o
[208/1346] Building CXX object src/exec/CMakeFiles/Exec.dir/short_circuit_hybrid.cpp.o
[209/1346] Building CXX object src/exec/CMakeFiles/Exec.dir/es/es_scroll_query.cpp.o
[210/1346] Building CXX object src/exec/CMakeFiles/Exec.dir/tablet_sink_index_channel.cpp.o
[211/1346] Building CXX object src/exec/CMakeFiles/Exec.dir/capture_version_node.cpp.o
[212/1346] Building CXX object src/exec/CMakeFiles/Exec.dir/local_file_writer.cpp.o
[213/1346] Building CXX object src/exec/CMakeFiles/Exec.dir/data_sink.cpp.o
[214/1346] Building CXX object src/exec/CMakeFiles/Exec.dir/es/es_scan_reader.cpp.o
[215/1346] Linking CXX static library ../output/tmp/RELEASE/libFileSystem.a
[216/1346] Linking CXX static library ../output/tmp/RELEASE/liborc.a
[217/1346] Building CXX object src/exec/CMakeFiles/Exec.dir/olap_common.cpp.o
[218/1346] Building CXX object src/column/CMakeFiles/Column.dir/json_column.cpp.o
FAILED: src/column/CMakeFiles/Column.dir/json_column.cpp.o 
ccache /bin/clang++ -DHAVE_INTTYPES_H -DHAVE_NETINET_IN_H -DWITH_TENANN -I/home/xujia/starrocks/be/src/formats/orc/apache-orc/c++/include -I/home/xujia/starrocks/be/src -I/home/xujia/starrocks/be/test -I/home/xujia/starrocks/be/src/gen_cpp/build -I/var/local/thirdparty/installed/include/breakpad -I/var/local/thirdparty/installed/open_jdk/include -I/var/local/thirdparty/installed/open_jdk/include/linux -isystem /var/local/thirdparty/installed/include -isystem /var/local/thirdparty/installed/starcache/include -isystem /var/local/thirdparty/installed/starlet/third_party/include -isystem /var/local/thirdparty/installed/starlet/starlet_install/include -isystem /var/local/thirdparty/installed/gperftools/include -isystem /var/local/thirdparty/installed/jemalloc/include -isystem /var/local/thirdparty/installed/include/thrift -isystem /var/local/thirdparty/installed/include/event -isystem /var/local/thirdparty/installed/llvm/include -Wall -Wno-sign-compare -Wno-unknown-pragmas -pthread -Wno-register -Wno-strict-aliasing -fno-omit-frame-pointer -std=gnu++20 -D__STDC_FORMAT_MACROS -Wno-deprecated -Wno-vla -Wno-comment -ffile-prefix-map=/home/xujia/starrocks/be/build_Release=. -ffile-prefix-map=/home/xujia/starrocks/be=be -fno-sized-deallocation -Werror -Wno-unused-parameter -Wno-documentation -Wno-weak-vtables -Werror=string-plus-int -Werror=pessimizing-move -Werror=delete-non-virtual-dtor -Wno-reserved-identifier -Wno-suggest-destructor-override -Wno-documentation-unknown-command -Wno-old-style-cast -Wno-c++20-designator -Wno-mismatched-tags -Wno-bitwise-instead-of-logical -Wno-inconsistent-missing-override -Wno-ambiguous-reversed-operator -Wno-unsafe-buffer-usage -Wno-switch-default -DBOOST_DATE_TIME_POSIX_TIME_STD_CONFIG -DBOOST_SYSTEM_NO_DEPRECATED -DBOOST_UUID_RANDOM_PROVIDER_FORCE_POSIX -Werror=return-type -Werror=switch -DUSE_STAROS -DWITH_STARCACHE --gcc-toolchain=/bin/.. -msse4.2 -mpclmul -mavx2 -mbmi2  -Wno-attributes -DS2_USE_GFLAGS -DS2_USE_GLOG -faligned-new  -DSTARROCKS_JIT_ENABLE -g -Wno-unused-local-typedefs -O3 -gdwarf-4 -DNDEBUG -O3 -DNDEBUG -MD -MT src/column/CMakeFiles/Column.dir/json_column.cpp.o -MF src/column/CMakeFiles/Column.dir/json_column.cpp.o.d -o src/column/CMakeFiles/Column.dir/json_column.cpp.o -c /home/xujia/starrocks/be/src/column/json_column.cpp
In file included from /home/xujia/starrocks/be/src/column/json_column.cpp:15:
In file included from /home/xujia/starrocks/be/src/column/json_column.h:21:
In file included from /home/xujia/starrocks/be/src/column/column.h:25:
/home/xujia/starrocks/be/src/common/cow.h:234:40: error: call to deleted constructor of 'ImmutPtr<Column>'
  234 |         ChameleonPtr(Args&&... args) : value(std::forward<Args>(args)...) {}
      |                                        ^     ~~~~~~~~~~~~~~~~~~~~~~~~
/bin/../lib/gcc/x86_64-linux-gnu/12/../../../../include/c++/12/bits/stl_construct.h:97:39: note: in instantiation of function template specialization 'starrocks::Cow<starrocks::Column>::ChameleonPtr<starrocks::Column>::ChameleonPtr<const starrocks::Cow<starrocks::Column>::MutPtr<starrocks::Column> &>' requested here
   97 |     { return ::new((void*)__location) _Tp(std::forward<_Args>(__args)...); }
      |                                       ^
/home/xujia/starrocks/be/src/common/cow.h:197:9: note: 'ImmutPtr<starrocks::Column>' has been explicitly marked deleted here
  197 |         ImmutPtr(const MutPtr<U>&) = delete;
      |         ^
1 error generated.
[219/1346] Building CXX object src/formats/CMakeFiles/Formats.dir/parquet/encoding.cpp.o
FAILED: src/formats/CMakeFiles/Formats.dir/parquet/encoding.cpp.o 
ccache /bin/clang++ -DHAVE_INTTYPES_H -DHAVE_NETINET_IN_H -DWITH_TENANN -I/home/xujia/starrocks/be/src/formats/orc/apache-orc/c++/include -I/home/xujia/starrocks/be/src -I/home/xujia/starrocks/be/test -I/home/xujia/starrocks/be/src/gen_cpp/build -I/var/local/thirdparty/installed/include/breakpad -I/var/local/thirdparty/installed/open_jdk/include -I/var/local/thirdparty/installed/open_jdk/include/linux -isystem /var/local/thirdparty/installed/include -isystem /var/local/thirdparty/installed/starcache/include -isystem /var/local/thirdparty/installed/starlet/third_party/include -isystem /var/local/thirdparty/installed/starlet/starlet_install/include -isystem /var/local/thirdparty/installed/gperftools/include -isystem /var/local/thirdparty/installed/jemalloc/include -isystem /var/local/thirdparty/installed/include/thrift -isystem /var/local/thirdparty/installed/include/event -isystem /var/local/thirdparty/installed/llvm/include -Wall -Wno-sign-compare -Wno-unknown-pragmas -pthread -Wno-register -Wno-strict-aliasing -fno-omit-frame-pointer -std=gnu++20 -D__STDC_FORMAT_MACROS -Wno-deprecated -Wno-vla -Wno-comment -ffile-prefix-map=/home/xujia/starrocks/be/build_Release=. -ffile-prefix-map=/home/xujia/starrocks/be=be -fno-sized-deallocation -Werror -Wno-unused-parameter -Wno-documentation -Wno-weak-vtables -Werror=string-plus-int -Werror=pessimizing-move -Werror=delete-non-virtual-dtor -Wno-reserved-identifier -Wno-suggest-destructor-override -Wno-documentation-unknown-command -Wno-old-style-cast -Wno-c++20-designator -Wno-mismatched-tags -Wno-bitwise-instead-of-logical -Wno-inconsistent-missing-override -Wno-ambiguous-reversed-operator -Wno-unsafe-buffer-usage -Wno-switch-default -DBOOST_DATE_TIME_POSIX_TIME_STD_CONFIG -DBOOST_SYSTEM_NO_DEPRECATED -DBOOST_UUID_RANDOM_PROVIDER_FORCE_POSIX -Werror=return-type -Werror=switch -DUSE_STAROS -DWITH_STARCACHE --gcc-toolchain=/bin/.. -msse4.2 -mpclmul -mavx2 -mbmi2  -Wno-attributes -DS2_USE_GFLAGS -DS2_USE_GLOG -faligned-new  -DSTARROCKS_JIT_ENABLE -g -Wno-unused-local-typedefs -O3 -gdwarf-4 -DNDEBUG -O3 -DNDEBUG -MD -MT src/formats/CMakeFiles/Formats.dir/parquet/encoding.cpp.o -MF src/formats/CMakeFiles/Formats.dir/parquet/encoding.cpp.o.d -o src/formats/CMakeFiles/Formats.dir/parquet/encoding.cpp.o -c /home/xujia/starrocks/be/src/formats/parquet/encoding.cpp
In file included from /home/xujia/starrocks/be/src/formats/parquet/encoding.cpp:23:
In file included from /home/xujia/starrocks/be/src/formats/parquet/encoding_bss.h:19:
In file included from /home/xujia/starrocks/be/src/column/column.h:25:
In file included from /home/xujia/starrocks/be/src/common/cow.h:22:
/home/xujia/starrocks/be/src/gutil/casts.h:80:12: error: static_cast from 'const starrocks::Column *' to 'starrocks::FixedLengthColumn<int> *' casts away qualifiers
   80 |     return static_cast<To>(f);
      |            ^~~~~~~~~~~~~~~~~~
/home/xujia/starrocks/be/src/formats/parquet/encoding_dict.h:175:36: note: in instantiation of function template specialization 'down_cast<starrocks::FixedLengthColumn<int> *, const starrocks::Column>' requested here
  175 |         Int32Column* data_column = down_cast<Int32Column*>(nullable_column->data_column().get());
      |                                    ^
In file included from /home/xujia/starrocks/be/src/formats/parquet/encoding.cpp:23:
In file included from /home/xujia/starrocks/be/src/formats/parquet/encoding_bss.h:19:
In file included from /home/xujia/starrocks/be/src/column/column.h:25:
In file included from /home/xujia/starrocks/be/src/common/cow.h:22:
/home/xujia/starrocks/be/src/gutil/casts.h:80:12: error: static_cast from 'const starrocks::Column *' to 'starrocks::BinaryColumnBase<unsigned int> *' casts away qualifiers
   80 |     return static_cast<To>(f);
      |            ^~~~~~~~~~~~~~~~~~
/home/xujia/starrocks/be/src/formats/parquet/encoding_plain.h:517:31: note: in instantiation of function template specialization 'down_cast<starrocks::BinaryColumnBase<unsigned int> *, const starrocks::Column>' requested here
  517 |         auto* binary_column = down_cast<BinaryColumn*>(nullable_column->data_column().get());
      |                               ^
In file included from /home/xujia/starrocks/be/src/formats/parquet/encoding.cpp:25:
/home/xujia/starrocks/be/src/formats/parquet/encoding_dict.h:273:45: error: no matching function for call to 'down_cast'
  273 |         FixedLengthColumn<T>* data_column = down_cast<FixedLengthColumn<T>*>(nullable_column->data_column().get());
      |                                             ^~~~~~~~~~~~~~~~~~~~~~~~~~~~~~~~
/home/xujia/starrocks/be/src/formats/parquet/encoding_dict.h:258:20: note: in instantiation of member function 'starrocks::parquet::DictDecoder<int>::next_value_batch_with_nulls' requested here
  258 |             return next_value_batch_with_nulls(count, cur_size, null_infos, dst, filter);
      |                    ^
/home/xujia/starrocks/be/src/formats/parquet/encoding_dict.h:210:5: note: in instantiation of member function 'starrocks::parquet::DictDecoder<int>::_do_next_batch_with_nulls' requested here
  210 |     ~DictDecoder() override = default;
      |     ^
/home/xujia/starrocks/be/src/formats/parquet/encoding.cpp:255:45: note: in instantiation of member function 'starrocks::parquet::TypeEncodingTraits<tparquet::Type::INT32, tparquet::Encoding::RLE_DICTIONARY>::create_decoder' requested here
  255 |         : _create_decoder_func(TraitsClass::create_decoder),
      |                                             ^
/home/xujia/starrocks/be/src/formats/parquet/encoding.cpp:182:48: note: in instantiation of function template specialization 'starrocks::parquet::EncodingInfo::EncodingInfo<starrocks::parquet::EncodingTraits<tparquet::Type::INT32, tparquet::Encoding::RLE_DICTIONARY>>' requested here
  182 |         std::unique_ptr<EncodingInfo> info(new EncodingInfo(traits));
      |                                                ^
/home/xujia/starrocks/be/src/formats/parquet/encoding.cpp:194:5: note: in instantiation of function template specialization 'starrocks::parquet::EncodingInfoResolver::_add_map<tparquet::Type::INT32, tparquet::Encoding::RLE_DICTIONARY>' requested here
  194 |     _add_map<tparquet::Type::INT32, tparquet::Encoding::RLE_DICTIONARY>();
      |     ^
/home/xujia/starrocks/be/src/gutil/casts.h:92:11: note: candidate function [with To = starrocks::FixedLengthColumn<int> *, From = const starrocks::Column *] not viable: expects an lvalue for 1st argument
   92 | inline To down_cast(From& f) {
      |           ^         ~~~~~~~
/home/xujia/starrocks/be/src/gutil/casts.h:67:11: note: candidate template ignored: substitution failure [with To = FixedLengthColumn<int> *, From = const starrocks::Column]
   67 | inline To down_cast(From* f) {        // so we only accept pointers
      |           ^
/home/xujia/starrocks/be/src/gutil/casts.h:80:12: error: static_cast from 'const starrocks::Column *' to 'starrocks::FixedLengthColumn<long> *' casts away qualifiers
   80 |     return static_cast<To>(f);
      |            ^~~~~~~~~~~~~~~~~~
/home/xujia/starrocks/be/src/formats/parquet/encoding_dict.h:273:45: note: in instantiation of function template specialization 'down_cast<starrocks::FixedLengthColumn<long> *, const starrocks::Column>' requested here
  273 |         FixedLengthColumn<T>* data_column = down_cast<FixedLengthColumn<T>*>(nullable_column->data_column().get());
      |                                             ^
/home/xujia/starrocks/be/src/formats/parquet/encoding_dict.h:258:20: note: in instantiation of member function 'starrocks::parquet::DictDecoder<long>::next_value_batch_with_nulls' requested here
  258 |             return next_value_batch_with_nulls(count, cur_size, null_infos, dst, filter);
      |                    ^
/home/xujia/starrocks/be/src/formats/parquet/encoding_dict.h:210:5: note: in instantiation of member function 'starrocks::parquet::DictDecoder<long>::_do_next_batch_with_nulls' requested here
  210 |     ~DictDecoder() override = default;
      |     ^
/home/xujia/starrocks/be/src/formats/parquet/encoding.cpp:255:45: note: in instantiation of member function 'starrocks::parquet::TypeEncodingTraits<tparquet::Type::INT64, tparquet::Encoding::RLE_DICTIONARY>::create_decoder' requested here
  255 |         : _create_decoder_func(TraitsClass::create_decoder),
      |                                             ^
/home/xujia/starrocks/be/src/formats/parquet/encoding.cpp:182:48: note: in instantiation of function template specialization 'starrocks::parquet::EncodingInfo::EncodingInfo<starrocks::parquet::EncodingTraits<tparquet::Type::INT64, tparquet::Encoding::RLE_DICTIONARY>>' requested here
  182 |         std::unique_ptr<EncodingInfo> info(new EncodingInfo(traits));
      |                                                ^
/home/xujia/starrocks/be/src/formats/parquet/encoding.cpp:200:5: note: in instantiation of function template specialization 'starrocks::parquet::EncodingInfoResolver::_add_map<tparquet::Type::INT64, tparquet::Encoding::RLE_DICTIONARY>' requested here
  200 |     _add_map<tparquet::Type::INT64, tparquet::Encoding::RLE_DICTIONARY>();
      |     ^
In file included from /home/xujia/starrocks/be/src/formats/parquet/encoding.cpp:23:
In file included from /home/xujia/starrocks/be/src/formats/parquet/encoding_bss.h:19:
In file included from /home/xujia/starrocks/be/src/column/column.h:25:
In file included from /home/xujia/starrocks/be/src/common/cow.h:22:
/home/xujia/starrocks/be/src/gutil/casts.h:80:12: error: static_cast from 'const starrocks::Column *' to 'starrocks::FixedLengthColumn<starrocks::int96_t> *' casts away qualifiers
   80 |     return static_cast<To>(f);
      |            ^~~~~~~~~~~~~~~~~~
/home/xujia/starrocks/be/src/formats/parquet/encoding_dict.h:273:45: note: in instantiation of function template specialization 'down_cast<starrocks::FixedLengthColumn<starrocks::int96_t> *, const starrocks::Column>' requested here
  273 |         FixedLengthColumn<T>* data_column = down_cast<FixedLengthColumn<T>*>(nullable_column->data_column().get());
      |                                             ^
/home/xujia/starrocks/be/src/formats/parquet/encoding_dict.h:258:20: note: in instantiation of member function 'starrocks::parquet::DictDecoder<starrocks::int96_t>::next_value_batch_with_nulls' requested here
  258 |             return next_value_batch_with_nulls(count, cur_size, null_infos, dst, filter);
      |                    ^
/home/xujia/starrocks/be/src/formats/parquet/encoding_dict.h:210:5: note: in instantiation of member function 'starrocks::parquet::DictDecoder<starrocks::int96_t>::_do_next_batch_with_nulls' requested here
  210 |     ~DictDecoder() override = default;
      |     ^
/home/xujia/starrocks/be/src/formats/parquet/encoding.cpp:255:45: note: in instantiation of member function 'starrocks::parquet::TypeEncodingTraits<tparquet::Type::INT96, tparquet::Encoding::RLE_DICTIONARY>::create_decoder' requested here
  255 |         : _create_decoder_func(TraitsClass::create_decoder),
      |                                             ^
/home/xujia/starrocks/be/src/formats/parquet/encoding.cpp:182:48: note: in instantiation of function template specialization 'starrocks::parquet::EncodingInfo::EncodingInfo<starrocks::parquet::EncodingTraits<tparquet::Type::INT96, tparquet::Encoding::RLE_DICTIONARY>>' requested here
  182 |         std::unique_ptr<EncodingInfo> info(new EncodingInfo(traits));
      |                                                ^
/home/xujia/starrocks/be/src/formats/parquet/encoding.cpp:206:5: note: in instantiation of function template specialization 'starrocks::parquet::EncodingInfoResolver::_add_map<tparquet::Type::INT96, tparquet::Encoding::RLE_DICTIONARY>' requested here
  206 |     _add_map<tparquet::Type::INT96, tparquet::Encoding::RLE_DICTIONARY>();
      |     ^
In file included from /home/xujia/starrocks/be/src/formats/parquet/encoding.cpp:23:
In file included from /home/xujia/starrocks/be/src/formats/parquet/encoding_bss.h:19:
In file included from /home/xujia/starrocks/be/src/column/column.h:25:
In file included from /home/xujia/starrocks/be/src/common/cow.h:22:
/home/xujia/starrocks/be/src/gutil/casts.h:80:12: error: static_cast from 'const starrocks::Column *' to 'starrocks::FixedLengthColumn<float> *' casts away qualifiers
   80 |     return static_cast<To>(f);
      |            ^~~~~~~~~~~~~~~~~~
/home/xujia/starrocks/be/src/formats/parquet/encoding_dict.h:273:45: note: in instantiation of function template specialization 'down_cast<starrocks::FixedLengthColumn<float> *, const starrocks::Column>' requested here
  273 |         FixedLengthColumn<T>* data_column = down_cast<FixedLengthColumn<T>*>(nullable_column->data_column().get());
      |                                             ^
/home/xujia/starrocks/be/src/formats/parquet/encoding_dict.h:258:20: note: in instantiation of member function 'starrocks::parquet::DictDecoder<float>::next_value_batch_with_nulls' requested here
  258 |             return next_value_batch_with_nulls(count, cur_size, null_infos, dst, filter);
      |                    ^
/home/xujia/starrocks/be/src/formats/parquet/encoding_dict.h:210:5: note: in instantiation of member function 'starrocks::parquet::DictDecoder<float>::_do_next_batch_with_nulls' requested here
  210 |     ~DictDecoder() override = default;
      |     ^
/home/xujia/starrocks/be/src/formats/parquet/encoding.cpp:255:45: note: in instantiation of member function 'starrocks::parquet::TypeEncodingTraits<tparquet::Type::FLOAT, tparquet::Encoding::RLE_DICTIONARY>::create_decoder' requested here
  255 |         : _create_decoder_func(TraitsClass::create_decoder),
      |                                             ^
/home/xujia/starrocks/be/src/formats/parquet/encoding.cpp:182:48: note: in instantiation of function template specialization 'starrocks::parquet::EncodingInfo::EncodingInfo<starrocks::parquet::EncodingTraits<tparquet::Type::FLOAT, tparquet::Encoding::RLE_DICTIONARY>>' requested here
  182 |         std::unique_ptr<EncodingInfo> info(new EncodingInfo(traits));
      |                                                ^
/home/xujia/starrocks/be/src/formats/parquet/encoding.cpp:210:5: note: in instantiation of function template specialization 'starrocks::parquet::EncodingInfoResolver::_add_map<tparquet::Type::FLOAT, tparquet::Encoding::RLE_DICTIONARY>' requested here
  210 |     _add_map<tparquet::Type::FLOAT, tparquet::Encoding::RLE_DICTIONARY>();
      |     ^
In file included from /home/xujia/starrocks/be/src/formats/parquet/encoding.cpp:23:
In file included from /home/xujia/starrocks/be/src/formats/parquet/encoding_bss.h:19:
In file included from /home/xujia/starrocks/be/src/column/column.h:25:
In file included from /home/xujia/starrocks/be/src/common/cow.h:22:
/home/xujia/starrocks/be/src/gutil/casts.h:80:12: error: static_cast from 'const starrocks::Column *' to 'starrocks::FixedLengthColumn<double> *' casts away qualifiers
   80 |     return static_cast<To>(f);
      |            ^~~~~~~~~~~~~~~~~~
/home/xujia/starrocks/be/src/formats/parquet/encoding_dict.h:273:45: note: in instantiation of function template specialization 'down_cast<starrocks::FixedLengthColumn<double> *, const starrocks::Column>' requested here
  273 |         FixedLengthColumn<T>* data_column = down_cast<FixedLengthColumn<T>*>(nullable_column->data_column().get());
      |                                             ^
/home/xujia/starrocks/be/src/formats/parquet/encoding_dict.h:258:20: note: in instantiation of member function 'starrocks::parquet::DictDecoder<double>::next_value_batch_with_nulls' requested here
  258 |             return next_value_batch_with_nulls(count, cur_size, null_infos, dst, filter);
      |                    ^
/home/xujia/starrocks/be/src/formats/parquet/encoding_dict.h:210:5: note: in instantiation of member function 'starrocks::parquet::DictDecoder<double>::_do_next_batch_with_nulls' requested here
  210 |     ~DictDecoder() override = default;
      |     ^
/home/xujia/starrocks/be/src/formats/parquet/encoding.cpp:255:45: note: in instantiation of member function 'starrocks::parquet::TypeEncodingTraits<tparquet::Type::DOUBLE, tparquet::Encoding::RLE_DICTIONARY>::create_decoder' requested here
  255 |         : _create_decoder_func(TraitsClass::create_decoder),
      |                                             ^
/home/xujia/starrocks/be/src/formats/parquet/encoding.cpp:182:48: note: in instantiation of function template specialization 'starrocks::parquet::EncodingInfo::EncodingInfo<starrocks::parquet::EncodingTraits<tparquet::Type::DOUBLE, tparquet::Encoding::RLE_DICTIONARY>>' requested here
  182 |         std::unique_ptr<EncodingInfo> info(new EncodingInfo(traits));
      |                                                ^
/home/xujia/starrocks/be/src/formats/parquet/encoding.cpp:215:5: note: in instantiation of function template specialization 'starrocks::parquet::EncodingInfoResolver::_add_map<tparquet::Type::DOUBLE, tparquet::Encoding::RLE_DICTIONARY>' requested here
  215 |     _add_map<tparquet::Type::DOUBLE, tparquet::Encoding::RLE_DICTIONARY>();
      |     ^
7 errors generated.
[220/1346] Building CXX object src/exec/CMakeFiles/Exec.dir/es/es_query_builder.cpp.o
[221/1346] Building CXX object src/exec/CMakeFiles/Exec.dir/tablet_info.cpp.o
FAILED: src/exec/CMakeFiles/Exec.dir/tablet_info.cpp.o 
ccache /bin/clang++ -DHAVE_INTTYPES_H -DHAVE_NETINET_IN_H -DWITH_TENANN -I/home/xujia/starrocks/be/src/formats/orc/apache-orc/c++/include -I/home/xujia/starrocks/be/src -I/home/xujia/starrocks/be/test -I/home/xujia/starrocks/be/src/gen_cpp/build -I/var/local/thirdparty/installed/include/breakpad -I/var/local/thirdparty/installed/open_jdk/include -I/var/local/thirdparty/installed/open_jdk/include/linux -isystem /var/local/thirdparty/installed/include -isystem /var/local/thirdparty/installed/starcache/include -isystem /var/local/thirdparty/installed/starlet/third_party/include -isystem /var/local/thirdparty/installed/starlet/starlet_install/include -isystem /var/local/thirdparty/installed/gperftools/include -isystem /var/local/thirdparty/installed/jemalloc/include -isystem /var/local/thirdparty/installed/include/thrift -isystem /var/local/thirdparty/installed/include/event -isystem /var/local/thirdparty/installed/llvm/include -Wall -Wno-sign-compare -Wno-unknown-pragmas -pthread -Wno-register -Wno-strict-aliasing -fno-omit-frame-pointer -std=gnu++20 -D__STDC_FORMAT_MACROS -Wno-deprecated -Wno-vla -Wno-comment -ffile-prefix-map=/home/xujia/starrocks/be/build_Release=. -ffile-prefix-map=/home/xujia/starrocks/be=be -fno-sized-deallocation -Werror -Wno-unused-parameter -Wno-documentation -Wno-weak-vtables -Werror=string-plus-int -Werror=pessimizing-move -Werror=delete-non-virtual-dtor -Wno-reserved-identifier -Wno-suggest-destructor-override -Wno-documentation-unknown-command -Wno-old-style-cast -Wno-c++20-designator -Wno-mismatched-tags -Wno-bitwise-instead-of-logical -Wno-inconsistent-missing-override -Wno-ambiguous-reversed-operator -Wno-unsafe-buffer-usage -Wno-switch-default -DBOOST_DATE_TIME_POSIX_TIME_STD_CONFIG -DBOOST_SYSTEM_NO_DEPRECATED -DBOOST_UUID_RANDOM_PROVIDER_FORCE_POSIX -Werror=return-type -Werror=switch -DUSE_STAROS -DWITH_STARCACHE --gcc-toolchain=/bin/.. -msse4.2 -mpclmul -mavx2 -mbmi2  -Wno-attributes -DS2_USE_GFLAGS -DS2_USE_GLOG -faligned-new  -DSTARROCKS_JIT_ENABLE -g -Wno-unused-local-typedefs -O3 -gdwarf-4 -DNDEBUG -O3 -DNDEBUG -MD -MT src/exec/CMakeFiles/Exec.dir/tablet_info.cpp.o -MF src/exec/CMakeFiles/Exec.dir/tablet_info.cpp.o.d -o src/exec/CMakeFiles/Exec.dir/tablet_info.cpp.o -c /home/xujia/starrocks/be/src/exec/tablet_info.cpp
In file included from /home/xujia/starrocks/be/src/exec/tablet_info.cpp:15:
In file included from /home/xujia/starrocks/be/src/exec/tablet_info.h:23:
In file included from /home/xujia/starrocks/be/src/column/column.h:25:
In file included from /home/xujia/starrocks/be/src/common/cow.h:22:
/home/xujia/starrocks/be/src/gutil/casts.h:80:12: error: static_cast from 'const starrocks::Column *' to 'starrocks::FixedLengthColumn<starrocks::DateValue> *' casts away qualifiers
   80 |     return static_cast<To>(f);
      |            ^~~~~~~~~~~~~~~~~~
/home/xujia/starrocks/be/src/exec/tablet_info.cpp:399:32: note: in instantiation of function template specialization 'down_cast<starrocks::FixedLengthColumn<starrocks::DateValue> *, const starrocks::Column>' requested here
  399 |                 auto* column = down_cast<DateColumn*>(partition_data_column);
      |                                ^
In file included from /home/xujia/starrocks/be/src/exec/tablet_info.cpp:15:
In file included from /home/xujia/starrocks/be/src/exec/tablet_info.h:23:
In file included from /home/xujia/starrocks/be/src/column/column.h:25:
In file included from /home/xujia/starrocks/be/src/common/cow.h:22:
/home/xujia/starrocks/be/src/gutil/casts.h:80:12: error: static_cast from 'const starrocks::Column *' to 'starrocks::FixedLengthColumn<starrocks::TimestampValue> *' casts away qualifiers
   80 |     return static_cast<To>(f);
      |            ^~~~~~~~~~~~~~~~~~
/home/xujia/starrocks/be/src/exec/tablet_info.cpp:411:32: note: in instantiation of function template specialization 'down_cast<starrocks::FixedLengthColumn<starrocks::TimestampValue> *, const starrocks::Column>' requested here
  411 |                 auto* column = down_cast<TimestampColumn*>(partition_data_column);
      |                                ^
In file included from /home/xujia/starrocks/be/src/exec/tablet_info.cpp:15:
In file included from /home/xujia/starrocks/be/src/exec/tablet_info.h:23:
In file included from /home/xujia/starrocks/be/src/column/column.h:25:
In file included from /home/xujia/starrocks/be/src/common/cow.h:22:
/home/xujia/starrocks/be/src/gutil/casts.h:80:12: error: static_cast from 'const starrocks::Column *' to 'starrocks::FixedLengthColumn<signed char> *' casts away qualifiers
   80 |     return static_cast<To>(f);
      |            ^~~~~~~~~~~~~~~~~~
/home/xujia/starrocks/be/src/exec/tablet_info.cpp:421:28: note: in instantiation of function template specialization 'down_cast<starrocks::FixedLengthColumn<signed char> *, const starrocks::Column>' requested here
  421 |             auto* column = down_cast<Int8Column*>(partition_data_column);
      |                            ^
In file included from /home/xujia/starrocks/be/src/exec/tablet_info.cpp:15:
In file included from /home/xujia/starrocks/be/src/exec/tablet_info.h:23:
In file included from /home/xujia/starrocks/be/src/column/column.h:25:
In file included from /home/xujia/starrocks/be/src/common/cow.h:22:
/home/xujia/starrocks/be/src/gutil/casts.h:80:12: error: static_cast from 'const starrocks::Column *' to 'starrocks::FixedLengthColumn<short> *' casts away qualifiers
   80 |     return static_cast<To>(f);
      |            ^~~~~~~~~~~~~~~~~~
/home/xujia/starrocks/be/src/exec/tablet_info.cpp:426:28: note: in instantiation of function template specialization 'down_cast<starrocks::FixedLengthColumn<short> *, const starrocks::Column>' requested here
  426 |             auto* column = down_cast<Int16Column*>(partition_data_column);
      |                            ^
In file included from /home/xujia/starrocks/be/src/exec/tablet_info.cpp:15:
In file included from /home/xujia/starrocks/be/src/exec/tablet_info.h:23:
In file included from /home/xujia/starrocks/be/src/column/column.h:25:
In file included from /home/xujia/starrocks/be/src/common/cow.h:22:
/home/xujia/starrocks/be/src/gutil/casts.h:80:12: error: static_cast from 'const starrocks::Column *' to 'starrocks::FixedLengthColumn<int> *' casts away qualifiers
   80 |     return static_cast<To>(f);
      |            ^~~~~~~~~~~~~~~~~~
/home/xujia/starrocks/be/src/exec/tablet_info.cpp:431:28: note: in instantiation of function template specialization 'down_cast<starrocks::FixedLengthColumn<int> *, const starrocks::Column>' requested here
  431 |             auto* column = down_cast<Int32Column*>(partition_data_column);
      |                            ^
In file included from /home/xujia/starrocks/be/src/exec/tablet_info.cpp:15:
In file included from /home/xujia/starrocks/be/src/exec/tablet_info.h:23:
In file included from /home/xujia/starrocks/be/src/column/column.h:25:
In file included from /home/xujia/starrocks/be/src/common/cow.h:22:
/home/xujia/starrocks/be/src/gutil/casts.h:80:12: error: static_cast from 'const starrocks::Column *' to 'starrocks::FixedLengthColumn<long> *' casts away qualifiers
   80 |     return static_cast<To>(f);
      |            ^~~~~~~~~~~~~~~~~~
/home/xujia/starrocks/be/src/exec/tablet_info.cpp:436:28: note: in instantiation of function template specialization 'down_cast<starrocks::FixedLengthColumn<long> *, const starrocks::Column>' requested here
  436 |             auto* column = down_cast<Int64Column*>(partition_data_column);
      |                            ^
In file included from /home/xujia/starrocks/be/src/exec/tablet_info.cpp:15:
In file included from /home/xujia/starrocks/be/src/exec/tablet_info.h:23:
In file included from /home/xujia/starrocks/be/src/column/column.h:25:
In file included from /home/xujia/starrocks/be/src/common/cow.h:22:
/home/xujia/starrocks/be/src/gutil/casts.h:80:12: error: static_cast from 'const starrocks::Column *' to 'starrocks::FixedLengthColumn<__int128> *' casts away qualifiers
   80 |     return static_cast<To>(f);
      |            ^~~~~~~~~~~~~~~~~~
/home/xujia/starrocks/be/src/exec/tablet_info.cpp:447:28: note: in instantiation of function template specialization 'down_cast<starrocks::FixedLengthColumn<__int128> *, const starrocks::Column>' requested here
  447 |             auto* column = down_cast<Int128Column*>(partition_data_column);
      |                            ^
In file included from /home/xujia/starrocks/be/src/exec/tablet_info.cpp:15:
In file included from /home/xujia/starrocks/be/src/exec/tablet_info.h:23:
In file included from /home/xujia/starrocks/be/src/column/column.h:25:
In file included from /home/xujia/starrocks/be/src/common/cow.h:22:
/home/xujia/starrocks/be/src/gutil/casts.h:80:12: error: static_cast from 'const starrocks::Column *' to 'starrocks::BinaryColumnBase<unsigned int> *' casts away qualifiers
   80 |     return static_cast<To>(f);
      |            ^~~~~~~~~~~~~~~~~~
/home/xujia/starrocks/be/src/exec/tablet_info.cpp:455:28: note: in instantiation of function template specialization 'down_cast<starrocks::BinaryColumnBase<unsigned int> *, const starrocks::Column>' requested here
  455 |             auto* column = down_cast<BinaryColumn*>(partition_data_column);
      |                            ^
In file included from /home/xujia/starrocks/be/src/exec/tablet_info.cpp:15:
In file included from /home/xujia/starrocks/be/src/exec/tablet_info.h:23:
In file included from /home/xujia/starrocks/be/src/column/column.h:25:
In file included from /home/xujia/starrocks/be/src/common/cow.h:22:
/home/xujia/starrocks/be/src/gutil/casts.h:80:12: error: static_cast from 'const starrocks::Column *' to 'starrocks::FixedLengthColumn<unsigned char> *' casts away qualifiers
   80 |     return static_cast<To>(f);
      |            ^~~~~~~~~~~~~~~~~~
/home/xujia/starrocks/be/src/exec/tablet_info.cpp:460:28: note: in instantiation of function template specialization 'down_cast<starrocks::FixedLengthColumn<unsigned char> *, const starrocks::Column>' requested here
  460 |             auto* column = down_cast<BooleanColumn*>(partition_data_column);
      |                            ^
9 errors generated.
[222/1346] Building CXX object src/exec/CMakeFiles/Exec.dir/aggregate/compress_serializer.cpp.o
FAILED: src/exec/CMakeFiles/Exec.dir/aggregate/compress_serializer.cpp.o 
ccache /bin/clang++ -DHAVE_INTTYPES_H -DHAVE_NETINET_IN_H -DWITH_TENANN -I/home/xujia/starrocks/be/src/formats/orc/apache-orc/c++/include -I/home/xujia/starrocks/be/src -I/home/xujia/starrocks/be/test -I/home/xujia/starrocks/be/src/gen_cpp/build -I/var/local/thirdparty/installed/include/breakpad -I/var/local/thirdparty/installed/open_jdk/include -I/var/local/thirdparty/installed/open_jdk/include/linux -isystem /var/local/thirdparty/installed/include -isystem /var/local/thirdparty/installed/starcache/include -isystem /var/local/thirdparty/installed/starlet/third_party/include -isystem /var/local/thirdparty/installed/starlet/starlet_install/include -isystem /var/local/thirdparty/installed/gperftools/include -isystem /var/local/thirdparty/installed/jemalloc/include -isystem /var/local/thirdparty/installed/include/thrift -isystem /var/local/thirdparty/installed/include/event -isystem /var/local/thirdparty/installed/llvm/include -Wall -Wno-sign-compare -Wno-unknown-pragmas -pthread -Wno-register -Wno-strict-aliasing -fno-omit-frame-pointer -std=gnu++20 -D__STDC_FORMAT_MACROS -Wno-deprecated -Wno-vla -Wno-comment -ffile-prefix-map=/home/xujia/starrocks/be/build_Release=. -ffile-prefix-map=/home/xujia/starrocks/be=be -fno-sized-deallocation -Werror -Wno-unused-parameter -Wno-documentation -Wno-weak-vtables -Werror=string-plus-int -Werror=pessimizing-move -Werror=delete-non-virtual-dtor -Wno-reserved-identifier -Wno-suggest-destructor-override -Wno-documentation-unknown-command -Wno-old-style-cast -Wno-c++20-designator -Wno-mismatched-tags -Wno-bitwise-instead-of-logical -Wno-inconsistent-missing-override -Wno-ambiguous-reversed-operator -Wno-unsafe-buffer-usage -Wno-switch-default -DBOOST_DATE_TIME_POSIX_TIME_STD_CONFIG -DBOOST_SYSTEM_NO_DEPRECATED -DBOOST_UUID_RANDOM_PROVIDER_FORCE_POSIX -Werror=return-type -Werror=switch -DUSE_STAROS -DWITH_STARCACHE --gcc-toolchain=/bin/.. -msse4.2 -mpclmul -mavx2 -mbmi2  -Wno-attributes -DS2_USE_GFLAGS -DS2_USE_GLOG -faligned-new  -DSTARROCKS_JIT_ENABLE -g -Wno-unused-local-typedefs -O3 -gdwarf-4 -DNDEBUG -O3 -DNDEBUG -MD -MT src/exec/CMakeFiles/Exec.dir/aggregate/compress_serializer.cpp.o -MF src/exec/CMakeFiles/Exec.dir/aggregate/compress_serializer.cpp.o.d -o src/exec/CMakeFiles/Exec.dir/aggregate/compress_serializer.cpp.o -c /home/xujia/starrocks/be/src/exec/aggregate/compress_serializer.cpp
/home/xujia/starrocks/be/src/exec/aggregate/compress_serializer.cpp:206:25: error: 'this' argument to member function 'accept_mutable' has type 'const starrocks::Column', but function is not marked const
  206 |         RETURN_IF_ERROR(column->data_column()->accept_mutable(this));
      |                         ^~~~~~~~~~~~~~~~~~~~~~~
/home/xujia/starrocks/be/src/common/status.h:428:56: note: expanded from macro 'RETURN_IF_ERROR'
  428 | #define RETURN_IF_ERROR(stmt) RETURN_IF_ERROR_INTERNAL(stmt)
      |                                                        ^~~~
/home/xujia/starrocks/be/src/common/status.h:345:28: note: expanded from macro 'RETURN_IF_ERROR_INTERNAL'
  345 |         auto&& status__ = (stmt);                                                                     \
      |                            ^~~~
/home/xujia/starrocks/be/src/column/column_visitor_adapter.h:161:67: note: in instantiation of member function 'starrocks::CompressDeserializer<unsigned char>::do_visit' requested here
  161 |     Status visit(NullableColumn* column) override { return _impl->do_visit(column); }
      |                                                                   ^
/home/xujia/starrocks/be/src/column/column_visitor_adapter.h:109:5: note: in instantiation of member function 'starrocks::ColumnVisitorMutableAdapter<starrocks::CompressDeserializer<unsigned char>>::visit' requested here
  109 |     ~ColumnVisitorMutableAdapter() override = default;
      |     ^
/home/xujia/starrocks/be/src/column/column.h:452:20: note: 'accept_mutable' declared here
  452 |     virtual Status accept_mutable(ColumnVisitorMutable* visitor) = 0;
      |                    ^
/home/xujia/starrocks/be/src/exec/aggregate/compress_serializer.cpp:206:25: error: 'this' argument to member function 'accept_mutable' has type 'const starrocks::Column', but function is not marked const
  206 |         RETURN_IF_ERROR(column->data_column()->accept_mutable(this));
      |                         ^~~~~~~~~~~~~~~~~~~~~~~
/home/xujia/starrocks/be/src/common/status.h:428:56: note: expanded from macro 'RETURN_IF_ERROR'
  428 | #define RETURN_IF_ERROR(stmt) RETURN_IF_ERROR_INTERNAL(stmt)
      |                                                        ^~~~
/home/xujia/starrocks/be/src/common/status.h:345:28: note: expanded from macro 'RETURN_IF_ERROR_INTERNAL'
  345 |         auto&& status__ = (stmt);                                                                     \
      |                            ^~~~
/home/xujia/starrocks/be/src/column/column_visitor_adapter.h:161:67: note: in instantiation of member function 'starrocks::CompressDeserializer<int>::do_visit' requested here
  161 |     Status visit(NullableColumn* column) override { return _impl->do_visit(column); }
      |                                                                   ^
/home/xujia/starrocks/be/src/column/column_visitor_adapter.h:109:5: note: in instantiation of member function 'starrocks::ColumnVisitorMutableAdapter<starrocks::CompressDeserializer<int>>::visit' requested here
  109 |     ~ColumnVisitorMutableAdapter() override = default;
      |     ^
/home/xujia/starrocks/be/src/column/column.h:452:20: note: 'accept_mutable' declared here
  452 |     virtual Status accept_mutable(ColumnVisitorMutable* visitor) = 0;
      |                    ^
/home/xujia/starrocks/be/src/exec/aggregate/compress_serializer.cpp:206:25: error: 'this' argument to member function 'accept_mutable' has type 'const starrocks::Column', but function is not marked const
  206 |         RETURN_IF_ERROR(column->data_column()->accept_mutable(this));
      |                         ^~~~~~~~~~~~~~~~~~~~~~~
/home/xujia/starrocks/be/src/common/status.h:428:56: note: expanded from macro 'RETURN_IF_ERROR'
  428 | #define RETURN_IF_ERROR(stmt) RETURN_IF_ERROR_INTERNAL(stmt)
      |                                                        ^~~~
/home/xujia/starrocks/be/src/common/status.h:345:28: note: expanded from macro 'RETURN_IF_ERROR_INTERNAL'
  345 |         auto&& status__ = (stmt);                                                                     \
      |                            ^~~~
/home/xujia/starrocks/be/src/column/column_visitor_adapter.h:161:67: note: in instantiation of member function 'starrocks::CompressDeserializer<long>::do_visit' requested here
  161 |     Status visit(NullableColumn* column) override { return _impl->do_visit(column); }
      |                                                                   ^
/home/xujia/starrocks/be/src/column/column_visitor_adapter.h:109:5: note: in instantiation of member function 'starrocks::ColumnVisitorMutableAdapter<starrocks::CompressDeserializer<long>>::visit' requested here
  109 |     ~ColumnVisitorMutableAdapter() override = default;
      |     ^
/home/xujia/starrocks/be/src/column/column.h:452:20: note: 'accept_mutable' declared here
  452 |     virtual Status accept_mutable(ColumnVisitorMutable* visitor) = 0;
      |                    ^
/home/xujia/starrocks/be/src/exec/aggregate/compress_serializer.cpp:206:25: error: 'this' argument to member function 'accept_mutable' has type 'const starrocks::Column', but function is not marked const
  206 |         RETURN_IF_ERROR(column->data_column()->accept_mutable(this));
      |                         ^~~~~~~~~~~~~~~~~~~~~~~
/home/xujia/starrocks/be/src/common/status.h:428:56: note: expanded from macro 'RETURN_IF_ERROR'
  428 | #define RETURN_IF_ERROR(stmt) RETURN_IF_ERROR_INTERNAL(stmt)
      |                                                        ^~~~
/home/xujia/starrocks/be/src/common/status.h:345:28: note: expanded from macro 'RETURN_IF_ERROR_INTERNAL'
  345 |         auto&& status__ = (stmt);                                                                     \
      |                            ^~~~
/home/xujia/starrocks/be/src/column/column_visitor_adapter.h:161:67: note: in instantiation of member function 'starrocks::CompressDeserializer<__int128>::do_visit' requested here
  161 |     Status visit(NullableColumn* column) override { return _impl->do_visit(column); }
      |                                                                   ^
/home/xujia/starrocks/be/src/column/column_visitor_adapter.h:109:5: note: in instantiation of member function 'starrocks::ColumnVisitorMutableAdapter<starrocks::CompressDeserializer<__int128>>::visit' requested here
  109 |     ~ColumnVisitorMutableAdapter() override = default;
      |     ^
/home/xujia/starrocks/be/src/column/column.h:452:20: note: 'accept_mutable' declared here
  452 |     virtual Status accept_mutable(ColumnVisitorMutable* visitor) = 0;
      |                    ^
4 errors generated.
[223/1346] Building CXX object src/formats/CMakeFiles/Formats.dir/avro/cpp/avro_reader.cpp.o
FAILED: src/formats/CMakeFiles/Formats.dir/avro/cpp/avro_reader.cpp.o 
ccache /bin/clang++ -DHAVE_INTTYPES_H -DHAVE_NETINET_IN_H -DWITH_TENANN -I/home/xujia/starrocks/be/src/formats/orc/apache-orc/c++/include -I/home/xujia/starrocks/be/src -I/home/xujia/starrocks/be/test -I/home/xujia/starrocks/be/src/gen_cpp/build -I/var/local/thirdparty/installed/include/breakpad -I/var/local/thirdparty/installed/open_jdk/include -I/var/local/thirdparty/installed/open_jdk/include/linux -isystem /var/local/thirdparty/installed/include -isystem /var/local/thirdparty/installed/starcache/include -isystem /var/local/thirdparty/installed/starlet/third_party/include -isystem /var/local/thirdparty/installed/starlet/starlet_install/include -isystem /var/local/thirdparty/installed/gperftools/include -isystem /var/local/thirdparty/installed/jemalloc/include -isystem /var/local/thirdparty/installed/include/thrift -isystem /var/local/thirdparty/installed/include/event -isystem /var/local/thirdparty/installed/llvm/include -Wall -Wno-sign-compare -Wno-unknown-pragmas -pthread -Wno-register -Wno-strict-aliasing -fno-omit-frame-pointer -std=gnu++20 -D__STDC_FORMAT_MACROS -Wno-deprecated -Wno-vla -Wno-comment -ffile-prefix-map=/home/xujia/starrocks/be/build_Release=. -ffile-prefix-map=/home/xujia/starrocks/be=be -fno-sized-deallocation -Werror -Wno-unused-parameter -Wno-documentation -Wno-weak-vtables -Werror=string-plus-int -Werror=pessimizing-move -Werror=delete-non-virtual-dtor -Wno-reserved-identifier -Wno-suggest-destructor-override -Wno-documentation-unknown-command -Wno-old-style-cast -Wno-c++20-designator -Wno-mismatched-tags -Wno-bitwise-instead-of-logical -Wno-inconsistent-missing-override -Wno-ambiguous-reversed-operator -Wno-unsafe-buffer-usage -Wno-switch-default -DBOOST_DATE_TIME_POSIX_TIME_STD_CONFIG -DBOOST_SYSTEM_NO_DEPRECATED -DBOOST_UUID_RANDOM_PROVIDER_FORCE_POSIX -Werror=return-type -Werror=switch -DUSE_STAROS -DWITH_STARCACHE --gcc-toolchain=/bin/.. -msse4.2 -mpclmul -mavx2 -mbmi2  -Wno-attributes -DS2_USE_GFLAGS -DS2_USE_GLOG -faligned-new  -DSTARROCKS_JIT_ENABLE -g -Wno-unused-local-typedefs -O3 -gdwarf-4 -DNDEBUG -O3 -DNDEBUG -MD -MT src/formats/CMakeFiles/Formats.dir/avro/cpp/avro_reader.cpp.o -MF src/formats/CMakeFiles/Formats.dir/avro/cpp/avro_reader.cpp.o.d -o src/formats/CMakeFiles/Formats.dir/avro/cpp/avro_reader.cpp.o -c /home/xujia/starrocks/be/src/formats/avro/cpp/avro_reader.cpp
In file included from /home/xujia/starrocks/be/src/formats/avro/cpp/avro_reader.cpp:15:
In file included from /home/xujia/starrocks/be/src/formats/avro/cpp/avro_reader.h:21:
In file included from /home/xujia/starrocks/be/src/column/chunk.h:22:
In file included from /home/xujia/starrocks/be/src/column/column.h:25:
In file included from /home/xujia/starrocks/be/src/common/cow.h:22:
/home/xujia/starrocks/be/src/gutil/casts.h:80:12: error: static_cast from 'const starrocks::Column *' to 'starrocks::AdaptiveNullableColumn *' casts away qualifiers
   80 |     return static_cast<To>(f);
      |            ^~~~~~~~~~~~~~~~~~
/home/xujia/starrocks/be/src/formats/avro/cpp/avro_reader.cpp:189:30: note: in instantiation of function template specialization 'down_cast<starrocks::AdaptiveNullableColumn *, const starrocks::Column>' requested here
  189 |         column_raw_ptrs[i] = down_cast<AdaptiveNullableColumn*>(chunk->get_column_by_slot_id(desc->id()).get());
      |                              ^
1 error generated.
[224/1346] Building CXX object src/formats/CMakeFiles/Formats.dir/parquet/level_builder.cpp.o
FAILED: src/formats/CMakeFiles/Formats.dir/parquet/level_builder.cpp.o 
ccache /bin/clang++ -DHAVE_INTTYPES_H -DHAVE_NETINET_IN_H -DWITH_TENANN -I/home/xujia/starrocks/be/src/formats/orc/apache-orc/c++/include -I/home/xujia/starrocks/be/src -I/home/xujia/starrocks/be/test -I/home/xujia/starrocks/be/src/gen_cpp/build -I/var/local/thirdparty/installed/include/breakpad -I/var/local/thirdparty/installed/open_jdk/include -I/var/local/thirdparty/installed/open_jdk/include/linux -isystem /var/local/thirdparty/installed/include -isystem /var/local/thirdparty/installed/starcache/include -isystem /var/local/thirdparty/installed/starlet/third_party/include -isystem /var/local/thirdparty/installed/starlet/starlet_install/include -isystem /var/local/thirdparty/installed/gperftools/include -isystem /var/local/thirdparty/installed/jemalloc/include -isystem /var/local/thirdparty/installed/include/thrift -isystem /var/local/thirdparty/installed/include/event -isystem /var/local/thirdparty/installed/llvm/include -Wall -Wno-sign-compare -Wno-unknown-pragmas -pthread -Wno-register -Wno-strict-aliasing -fno-omit-frame-pointer -std=gnu++20 -D__STDC_FORMAT_MACROS -Wno-deprecated -Wno-vla -Wno-comment -ffile-prefix-map=/home/xujia/starrocks/be/build_Release=. -ffile-prefix-map=/home/xujia/starrocks/be=be -fno-sized-deallocation -Werror -Wno-unused-parameter -Wno-documentation -Wno-weak-vtables -Werror=string-plus-int -Werror=pessimizing-move -Werror=delete-non-virtual-dtor -Wno-reserved-identifier -Wno-suggest-destructor-override -Wno-documentation-unknown-command -Wno-old-style-cast -Wno-c++20-designator -Wno-mismatched-tags -Wno-bitwise-instead-of-logical -Wno-inconsistent-missing-override -Wno-ambiguous-reversed-operator -Wno-unsafe-buffer-usage -Wno-switch-default -DBOOST_DATE_TIME_POSIX_TIME_STD_CONFIG -DBOOST_SYSTEM_NO_DEPRECATED -DBOOST_UUID_RANDOM_PROVIDER_FORCE_POSIX -Werror=return-type -Werror=switch -DUSE_STAROS -DWITH_STARCACHE --gcc-toolchain=/bin/.. -msse4.2 -mpclmul -mavx2 -mbmi2  -Wno-attributes -DS2_USE_GFLAGS -DS2_USE_GLOG -faligned-new  -DSTARROCKS_JIT_ENABLE -g -Wno-unused-local-typedefs -O3 -gdwarf-4 -DNDEBUG -O3 -DNDEBUG -MD -MT src/formats/CMakeFiles/Formats.dir/parquet/level_builder.cpp.o -MF src/formats/CMakeFiles/Formats.dir/parquet/level_builder.cpp.o.d -o src/formats/CMakeFiles/Formats.dir/parquet/level_builder.cpp.o -c /home/xujia/starrocks/be/src/formats/parquet/level_builder.cpp
/home/xujia/starrocks/be/src/formats/parquet/level_builder.cpp:42:11: error: non-const lvalue reference to type 'ImmutPtr<...>' cannot bind to a temporary of type 'ImmutPtr<...>'
   42 |     auto& null_column = down_cast<const NullableColumn*>(col.get())->null_column();
      |           ^             ~~~~~~~~~~~~~~~~~~~~~~~~~~~~~~~~~~~~~~~~~~~~~~~~~~~~~~~~~~
1 error generated.
[225/1346] Building CXX object src/exec/CMakeFiles/Exec.dir/es/es_scroll_parser.cpp.o
FAILED: src/exec/CMakeFiles/Exec.dir/es/es_scroll_parser.cpp.o 
ccache /bin/clang++ -DHAVE_INTTYPES_H -DHAVE_NETINET_IN_H -DWITH_TENANN -I/home/xujia/starrocks/be/src/formats/orc/apache-orc/c++/include -I/home/xujia/starrocks/be/src -I/home/xujia/starrocks/be/test -I/home/xujia/starrocks/be/src/gen_cpp/build -I/var/local/thirdparty/installed/include/breakpad -I/var/local/thirdparty/installed/open_jdk/include -I/var/local/thirdparty/installed/open_jdk/include/linux -isystem /var/local/thirdparty/installed/include -isystem /var/local/thirdparty/installed/starcache/include -isystem /var/local/thirdparty/installed/starlet/third_party/include -isystem /var/local/thirdparty/installed/starlet/starlet_install/include -isystem /var/local/thirdparty/installed/gperftools/include -isystem /var/local/thirdparty/installed/jemalloc/include -isystem /var/local/thirdparty/installed/include/thrift -isystem /var/local/thirdparty/installed/include/event -isystem /var/local/thirdparty/installed/llvm/include -Wall -Wno-sign-compare -Wno-unknown-pragmas -pthread -Wno-register -Wno-strict-aliasing -fno-omit-frame-pointer -std=gnu++20 -D__STDC_FORMAT_MACROS -Wno-deprecated -Wno-vla -Wno-comment -ffile-prefix-map=/home/xujia/starrocks/be/build_Release=. -ffile-prefix-map=/home/xujia/starrocks/be=be -fno-sized-deallocation -Werror -Wno-unused-parameter -Wno-documentation -Wno-weak-vtables -Werror=string-plus-int -Werror=pessimizing-move -Werror=delete-non-virtual-dtor -Wno-reserved-identifier -Wno-suggest-destructor-override -Wno-documentation-unknown-command -Wno-old-style-cast -Wno-c++20-designator -Wno-mismatched-tags -Wno-bitwise-instead-of-logical -Wno-inconsistent-missing-override -Wno-ambiguous-reversed-operator -Wno-unsafe-buffer-usage -Wno-switch-default -DBOOST_DATE_TIME_POSIX_TIME_STD_CONFIG -DBOOST_SYSTEM_NO_DEPRECATED -DBOOST_UUID_RANDOM_PROVIDER_FORCE_POSIX -Werror=return-type -Werror=switch -DUSE_STAROS -DWITH_STARCACHE --gcc-toolchain=/bin/.. -msse4.2 -mpclmul -mavx2 -mbmi2  -Wno-attributes -DS2_USE_GFLAGS -DS2_USE_GLOG -faligned-new  -DSTARROCKS_JIT_ENABLE -g -Wno-unused-local-typedefs -O3 -gdwarf-4 -DNDEBUG -O3 -DNDEBUG -MD -MT src/exec/CMakeFiles/Exec.dir/es/es_scroll_parser.cpp.o -MF src/exec/CMakeFiles/Exec.dir/es/es_scroll_parser.cpp.o.d -o src/exec/CMakeFiles/Exec.dir/es/es_scroll_parser.cpp.o -c /home/xujia/starrocks/be/src/exec/es/es_scroll_parser.cpp
In file included from /home/xujia/starrocks/be/src/exec/es/es_scroll_parser.cpp:15:
In file included from /home/xujia/starrocks/be/src/exec/es/es_scroll_parser.h:22:
In file included from /home/xujia/starrocks/be/src/column/chunk.h:22:
In file included from /home/xujia/starrocks/be/src/column/column.h:25:
In file included from /home/xujia/starrocks/be/src/common/cow.h:22:
/home/xujia/starrocks/be/src/gutil/casts.h:80:12: error: static_cast from 'const starrocks::Column *' to 'starrocks::BinaryColumnBase<unsigned int> *' casts away qualifiers
   80 |     return static_cast<To>(f);
      |            ^~~~~~~~~~~~~~~~~~
/home/xujia/starrocks/be/src/exec/es/es_scroll_parser.cpp:297:32: note: in instantiation of function template specialization 'down_cast<starrocks::BinaryColumnBase<unsigned int> *, const starrocks::Column>' requested here
  297 |         auto* runtime_column = down_cast<ColumnType*>(column);
      |                                ^
/home/xujia/starrocks/be/src/exec/es/es_scroll_parser.cpp:241:17: note: in instantiation of function template specialization 'starrocks::ScrollParser::_append_data<starrocks::TYPE_VARCHAR, starrocks::Slice>' requested here
  241 |                 _append_data<TYPE_VARCHAR>(column.get(), slice);
      |                 ^
In file included from /home/xujia/starrocks/be/src/exec/es/es_scroll_parser.cpp:15:
In file included from /home/xujia/starrocks/be/src/exec/es/es_scroll_parser.h:22:
In file included from /home/xujia/starrocks/be/src/column/chunk.h:22:
In file included from /home/xujia/starrocks/be/src/column/column.h:25:
In file included from /home/xujia/starrocks/be/src/common/cow.h:22:
/home/xujia/starrocks/be/src/gutil/casts.h:80:12: error: static_cast from 'const starrocks::Column *' to 'starrocks::FixedLengthColumn<int> *' casts away qualifiers
   80 |     return static_cast<To>(f);
      |            ^~~~~~~~~~~~~~~~~~
/home/xujia/starrocks/be/src/exec/es/es_scroll_parser.cpp:297:32: note: in instantiation of function template specialization 'down_cast<starrocks::FixedLengthColumn<int> *, const starrocks::Column>' requested here
  297 |         auto* runtime_column = down_cast<ColumnType*>(column);
      |                                ^
/home/xujia/starrocks/be/src/exec/es/es_scroll_parser.cpp:427:9: note: in instantiation of function template specialization 'starrocks::ScrollParser::_append_data<starrocks::TYPE_INT, int>' requested here
  427 |         _append_data<type>(column, value);
      |         ^
/home/xujia/starrocks/be/src/exec/es/es_scroll_parser.cpp:344:25: note: in instantiation of function template specialization 'starrocks::ScrollParser::_append_int_val<starrocks::TYPE_INT, int>' requested here
  344 |         RETURN_IF_ERROR(_append_int_val<TYPE_INT>(col, column, pure_doc_value));
      |                         ^
In file included from /home/xujia/starrocks/be/src/exec/es/es_scroll_parser.cpp:15:
In file included from /home/xujia/starrocks/be/src/exec/es/es_scroll_parser.h:22:
In file included from /home/xujia/starrocks/be/src/column/chunk.h:22:
In file included from /home/xujia/starrocks/be/src/column/column.h:25:
In file included from /home/xujia/starrocks/be/src/common/cow.h:22:
/home/xujia/starrocks/be/src/gutil/casts.h:80:12: error: static_cast from 'const starrocks::Column *' to 'starrocks::FixedLengthColumn<signed char> *' casts away qualifiers
   80 |     return static_cast<To>(f);
      |            ^~~~~~~~~~~~~~~~~~
/home/xujia/starrocks/be/src/exec/es/es_scroll_parser.cpp:297:32: note: in instantiation of function template specialization 'down_cast<starrocks::FixedLengthColumn<signed char> *, const starrocks::Column>' requested here
  297 |         auto* runtime_column = down_cast<ColumnType*>(column);
      |                                ^
/home/xujia/starrocks/be/src/exec/es/es_scroll_parser.cpp:427:9: note: in instantiation of function template specialization 'starrocks::ScrollParser::_append_data<starrocks::TYPE_TINYINT, signed char>' requested here
  427 |         _append_data<type>(column, value);
      |         ^
/home/xujia/starrocks/be/src/exec/es/es_scroll_parser.cpp:348:25: note: in instantiation of function template specialization 'starrocks::ScrollParser::_append_int_val<starrocks::TYPE_TINYINT, signed char>' requested here
  348 |         RETURN_IF_ERROR(_append_int_val<TYPE_TINYINT>(col, column, pure_doc_value));
      |                         ^
In file included from /home/xujia/starrocks/be/src/exec/es/es_scroll_parser.cpp:15:
In file included from /home/xujia/starrocks/be/src/exec/es/es_scroll_parser.h:22:
In file included from /home/xujia/starrocks/be/src/column/chunk.h:22:
In file included from /home/xujia/starrocks/be/src/column/column.h:25:
In file included from /home/xujia/starrocks/be/src/common/cow.h:22:
/home/xujia/starrocks/be/src/gutil/casts.h:80:12: error: static_cast from 'const starrocks::Column *' to 'starrocks::FixedLengthColumn<short> *' casts away qualifiers
   80 |     return static_cast<To>(f);
      |            ^~~~~~~~~~~~~~~~~~
/home/xujia/starrocks/be/src/exec/es/es_scroll_parser.cpp:297:32: note: in instantiation of function template specialization 'down_cast<starrocks::FixedLengthColumn<short> *, const starrocks::Column>' requested here
  297 |         auto* runtime_column = down_cast<ColumnType*>(column);
      |                                ^
/home/xujia/starrocks/be/src/exec/es/es_scroll_parser.cpp:427:9: note: in instantiation of function template specialization 'starrocks::ScrollParser::_append_data<starrocks::TYPE_SMALLINT, short>' requested here
  427 |         _append_data<type>(column, value);
      |         ^
/home/xujia/starrocks/be/src/exec/es/es_scroll_parser.cpp:352:25: note: in instantiation of function template specialization 'starrocks::ScrollParser::_append_int_val<starrocks::TYPE_SMALLINT, short>' requested here
  352 |         RETURN_IF_ERROR(_append_int_val<TYPE_SMALLINT>(col, column, pure_doc_value));
      |                         ^
In file included from /home/xujia/starrocks/be/src/exec/es/es_scroll_parser.cpp:15:
In file included from /home/xujia/starrocks/be/src/exec/es/es_scroll_parser.h:22:
In file included from /home/xujia/starrocks/be/src/column/chunk.h:22:
In file included from /home/xujia/starrocks/be/src/column/column.h:25:
In file included from /home/xujia/starrocks/be/src/common/cow.h:22:
/home/xujia/starrocks/be/src/gutil/casts.h:80:12: error: static_cast from 'const starrocks::Column *' to 'starrocks::FixedLengthColumn<long> *' casts away qualifiers
   80 |     return static_cast<To>(f);
      |            ^~~~~~~~~~~~~~~~~~
/home/xujia/starrocks/be/src/exec/es/es_scroll_parser.cpp:297:32: note: in instantiation of function template specialization 'down_cast<starrocks::FixedLengthColumn<long> *, const starrocks::Column>' requested here
  297 |         auto* runtime_column = down_cast<ColumnType*>(column);
      |                                ^
/home/xujia/starrocks/be/src/exec/es/es_scroll_parser.cpp:427:9: note: in instantiation of function template specialization 'starrocks::ScrollParser::_append_data<starrocks::TYPE_BIGINT, long>' requested here
  427 |         _append_data<type>(column, value);
      |         ^
/home/xujia/starrocks/be/src/exec/es/es_scroll_parser.cpp:356:25: note: in instantiation of function template specialization 'starrocks::ScrollParser::_append_int_val<starrocks::TYPE_BIGINT, long>' requested here
  356 |         RETURN_IF_ERROR(_append_int_val<TYPE_BIGINT>(col, column, pure_doc_value));
      |                         ^
In file included from /home/xujia/starrocks/be/src/exec/es/es_scroll_parser.cpp:15:
In file included from /home/xujia/starrocks/be/src/exec/es/es_scroll_parser.h:22:
In file included from /home/xujia/starrocks/be/src/column/chunk.h:22:
In file included from /home/xujia/starrocks/be/src/column/column.h:25:
In file included from /home/xujia/starrocks/be/src/common/cow.h:22:
/home/xujia/starrocks/be/src/gutil/casts.h:80:12: error: static_cast from 'const starrocks::Column *' to 'starrocks::FixedLengthColumn<__int128> *' casts away qualifiers
   80 |     return static_cast<To>(f);
      |            ^~~~~~~~~~~~~~~~~~
/home/xujia/starrocks/be/src/exec/es/es_scroll_parser.cpp:297:32: note: in instantiation of function template specialization 'down_cast<starrocks::FixedLengthColumn<__int128> *, const starrocks::Column>' requested here
  297 |         auto* runtime_column = down_cast<ColumnType*>(column);
      |                                ^
/home/xujia/starrocks/be/src/exec/es/es_scroll_parser.cpp:427:9: note: in instantiation of function template specialization 'starrocks::ScrollParser::_append_data<starrocks::TYPE_LARGEINT, __int128>' requested here
  427 |         _append_data<type>(column, value);
      |         ^
/home/xujia/starrocks/be/src/exec/es/es_scroll_parser.cpp:360:25: note: in instantiation of function template specialization 'starrocks::ScrollParser::_append_int_val<starrocks::TYPE_LARGEINT, __int128>' requested here
  360 |         RETURN_IF_ERROR(_append_int_val<TYPE_LARGEINT>(col, column, pure_doc_value));
      |                         ^
In file included from /home/xujia/starrocks/be/src/exec/es/es_scroll_parser.cpp:15:
In file included from /home/xujia/starrocks/be/src/exec/es/es_scroll_parser.h:22:
In file included from /home/xujia/starrocks/be/src/column/chunk.h:22:
In file included from /home/xujia/starrocks/be/src/column/column.h:25:
In file included from /home/xujia/starrocks/be/src/common/cow.h:22:
/home/xujia/starrocks/be/src/gutil/casts.h:80:12: error: static_cast from 'const starrocks::Column *' to 'starrocks::FixedLengthColumn<double> *' casts away qualifiers
   80 |     return static_cast<To>(f);
      |            ^~~~~~~~~~~~~~~~~~
/home/xujia/starrocks/be/src/exec/es/es_scroll_parser.cpp:297:32: note: in instantiation of function template specialization 'down_cast<starrocks::FixedLengthColumn<double> *, const starrocks::Column>' requested here
  297 |         auto* runtime_column = down_cast<ColumnType*>(column);
      |                                ^
/home/xujia/starrocks/be/src/exec/es/es_scroll_parser.cpp:468:9: note: in instantiation of function template specialization 'starrocks::ScrollParser::_append_data<starrocks::TYPE_DOUBLE, double>' requested here
  468 |         _append_data<type>(column, value);
      |         ^
/home/xujia/starrocks/be/src/exec/es/es_scroll_parser.cpp:364:25: note: in instantiation of function template specialization 'starrocks::ScrollParser::_append_float_val<starrocks::TYPE_DOUBLE, double>' requested here
  364 |         RETURN_IF_ERROR(_append_float_val<TYPE_DOUBLE>(col, column, pure_doc_value));
      |                         ^
In file included from /home/xujia/starrocks/be/src/exec/es/es_scroll_parser.cpp:15:
In file included from /home/xujia/starrocks/be/src/exec/es/es_scroll_parser.h:22:
In file included from /home/xujia/starrocks/be/src/column/chunk.h:22:
In file included from /home/xujia/starrocks/be/src/column/column.h:25:
In file included from /home/xujia/starrocks/be/src/common/cow.h:22:
/home/xujia/starrocks/be/src/gutil/casts.h:80:12: error: static_cast from 'const starrocks::Column *' to 'starrocks::FixedLengthColumn<float> *' casts away qualifiers
   80 |     return static_cast<To>(f);
      |            ^~~~~~~~~~~~~~~~~~
/home/xujia/starrocks/be/src/exec/es/es_scroll_parser.cpp:297:32: note: in instantiation of function template specialization 'down_cast<starrocks::FixedLengthColumn<float> *, const starrocks::Column>' requested here
  297 |         auto* runtime_column = down_cast<ColumnType*>(column);
      |                                ^
/home/xujia/starrocks/be/src/exec/es/es_scroll_parser.cpp:468:9: note: in instantiation of function template specialization 'starrocks::ScrollParser::_append_data<starrocks::TYPE_FLOAT, float>' requested here
  468 |         _append_data<type>(column, value);
      |         ^
/home/xujia/starrocks/be/src/exec/es/es_scroll_parser.cpp:368:25: note: in instantiation of function template specialization 'starrocks::ScrollParser::_append_float_val<starrocks::TYPE_FLOAT, float>' requested here
  368 |         RETURN_IF_ERROR(_append_float_val<TYPE_FLOAT>(col, column, pure_doc_value));
      |                         ^
In file included from /home/xujia/starrocks/be/src/exec/es/es_scroll_parser.cpp:15:
In file included from /home/xujia/starrocks/be/src/exec/es/es_scroll_parser.h:22:
In file included from /home/xujia/starrocks/be/src/column/chunk.h:22:
In file included from /home/xujia/starrocks/be/src/column/column.h:25:
In file included from /home/xujia/starrocks/be/src/common/cow.h:22:
/home/xujia/starrocks/be/src/gutil/casts.h:80:12: error: static_cast from 'const starrocks::Column *' to 'starrocks::FixedLengthColumn<starrocks::DateValue> *' casts away qualifiers
   80 |     return static_cast<To>(f);
      |            ^~~~~~~~~~~~~~~~~~
/home/xujia/starrocks/be/src/exec/es/es_scroll_parser.cpp:297:32: note: in instantiation of function template specialization 'down_cast<starrocks::FixedLengthColumn<starrocks::DateValue> *, const starrocks::Column>' requested here
  297 |         auto* runtime_column = down_cast<ColumnType*>(column);
      |                                ^
/home/xujia/starrocks/be/src/exec/es/es_scroll_parser.cpp:627:13: note: in instantiation of function template specialization 'starrocks::ScrollParser::_append_data<starrocks::TYPE_DATE, starrocks::DateValue>' requested here
  627 |             _append_data<TYPE_DATE>(column, date_val);
      |             ^
/home/xujia/starrocks/be/src/exec/es/es_scroll_parser.cpp:376:25: note: in instantiation of function template specialization 'starrocks::ScrollParser::_append_date_val<starrocks::TYPE_DATE, starrocks::DateValue>' requested here
  376 |         RETURN_IF_ERROR(_append_date_val<TYPE_DATE>(col, column, pure_doc_value, _timezone));
      |                         ^
In file included from /home/xujia/starrocks/be/src/exec/es/es_scroll_parser.cpp:15:
In file included from /home/xujia/starrocks/be/src/exec/es/es_scroll_parser.h:22:
In file included from /home/xujia/starrocks/be/src/column/chunk.h:22:
In file included from /home/xujia/starrocks/be/src/column/column.h:25:
In file included from /home/xujia/starrocks/be/src/common/cow.h:22:
/home/xujia/starrocks/be/src/gutil/casts.h:80:12: error: static_cast from 'const starrocks::Column *' to 'starrocks::FixedLengthColumn<starrocks::TimestampValue> *' casts away qualifiers
   80 |     return static_cast<To>(f);
      |            ^~~~~~~~~~~~~~~~~~
/home/xujia/starrocks/be/src/exec/es/es_scroll_parser.cpp:297:32: note: in instantiation of function template specialization 'down_cast<starrocks::FixedLengthColumn<starrocks::TimestampValue> *, const starrocks::Column>' requested here
  297 |         auto* runtime_column = down_cast<ColumnType*>(column);
      |                                ^
/home/xujia/starrocks/be/src/exec/es/es_scroll_parser.cpp:629:13: note: in instantiation of function template specialization 'starrocks::ScrollParser::_append_data<starrocks::TYPE_DATETIME, starrocks::TimestampValue>' requested here
  629 |             _append_data<TYPE_DATETIME>(column, value);
      |             ^
/home/xujia/starrocks/be/src/exec/es/es_scroll_parser.cpp:380:25: note: in instantiation of function template specialization 'starrocks::ScrollParser::_append_date_val<starrocks::TYPE_DATETIME, starrocks::TimestampValue>' requested here
  380 |         RETURN_IF_ERROR(_append_date_val<TYPE_DATETIME>(col, column, pure_doc_value, _timezone));
      |                         ^
In file included from /home/xujia/starrocks/be/src/exec/es/es_scroll_parser.cpp:15:
In file included from /home/xujia/starrocks/be/src/exec/es/es_scroll_parser.h:22:
In file included from /home/xujia/starrocks/be/src/column/chunk.h:22:
In file included from /home/xujia/starrocks/be/src/column/column.h:25:
In file included from /home/xujia/starrocks/be/src/common/cow.h:22:
/home/xujia/starrocks/be/src/gutil/casts.h:80:12: error: static_cast from 'const starrocks::Column *' to 'starrocks::FixedLengthColumn<unsigned char> *' casts away qualifiers
   80 |     return static_cast<To>(f);
      |            ^~~~~~~~~~~~~~~~~~
/home/xujia/starrocks/be/src/exec/es/es_scroll_parser.cpp:297:32: note: in instantiation of function template specialization 'down_cast<starrocks::FixedLengthColumn<unsigned char> *, const starrocks::Column>' requested here
  297 |         auto* runtime_column = down_cast<ColumnType*>(column);
      |                                ^
/home/xujia/starrocks/be/src/exec/es/es_scroll_parser.cpp:496:9: note: in instantiation of function template specialization 'starrocks::ScrollParser::_append_data<starrocks::TYPE_BOOLEAN, unsigned char>' requested here
  496 |         _append_data<TYPE_BOOLEAN>(column, value);
      |         ^
In file included from /home/xujia/starrocks/be/src/exec/es/es_scroll_parser.cpp:15:
In file included from /home/xujia/starrocks/be/src/exec/es/es_scroll_parser.h:22:
In file included from /home/xujia/starrocks/be/src/column/chunk.h:22:
In file included from /home/xujia/starrocks/be/src/column/column.h:25:
In file included from /home/xujia/starrocks/be/src/common/cow.h:22:
/home/xujia/starrocks/be/src/gutil/casts.h:80:12: error: static_cast from 'const starrocks::Column *' to 'starrocks::ArrayColumn *' casts away qualifiers
   80 |     return static_cast<To>(f);
      |            ^~~~~~~~~~~~~~~~~~
/home/xujia/starrocks/be/src/exec/es/es_scroll_parser.cpp:559:17: note: in instantiation of function template specialization 'down_cast<starrocks::ArrayColumn *, const starrocks::Column>' requested here
  559 |         array = down_cast<ArrayColumn*>(data_column);
      |                 ^
In file included from /home/xujia/starrocks/be/src/exec/es/es_scroll_parser.cpp:15:
In file included from /home/xujia/starrocks/be/src/exec/es/es_scroll_parser.h:22:
In file included from /home/xujia/starrocks/be/src/column/chunk.h:22:
In file included from /home/xujia/starrocks/be/src/column/column.h:25:
In file included from /home/xujia/starrocks/be/src/common/cow.h:22:
/home/xujia/starrocks/be/src/gutil/casts.h:80:12: error: static_cast from 'const starrocks::Column *' to 'starrocks::JsonColumn *' casts away qualifiers
   80 |     return static_cast<To>(f);
      |            ^~~~~~~~~~~~~~~~~~
/home/xujia/starrocks/be/src/exec/es/es_scroll_parser.cpp:297:32: note: in instantiation of function template specialization 'down_cast<starrocks::JsonColumn *, const starrocks::Column>' requested here
  297 |         auto* runtime_column = down_cast<ColumnType*>(column);
      |                                ^
/home/xujia/starrocks/be/src/exec/es/es_scroll_parser.cpp:587:5: note: in instantiation of function template specialization 'starrocks::ScrollParser::_append_data<starrocks::TYPE_JSON, starrocks::JsonValue *>' requested here
  587 |     _append_data<TYPE_JSON>(column, tmp);
      |     ^
13 errors generated.
[226/1346] Building CXX object src/exec/CMakeFiles/Exec.dir/plain_text_builder.cpp.o
[227/1346] Building CXX object src/formats/CMakeFiles/Formats.dir/orc/orc_file_writer.cpp.o
FAILED: src/formats/CMakeFiles/Formats.dir/orc/orc_file_writer.cpp.o 
ccache /bin/clang++ -DHAVE_INTTYPES_H -DHAVE_NETINET_IN_H -DWITH_TENANN -I/home/xujia/starrocks/be/src/formats/orc/apache-orc/c++/include -I/home/xujia/starrocks/be/src -I/home/xujia/starrocks/be/test -I/home/xujia/starrocks/be/src/gen_cpp/build -I/var/local/thirdparty/installed/include/breakpad -I/var/local/thirdparty/installed/open_jdk/include -I/var/local/thirdparty/installed/open_jdk/include/linux -isystem /var/local/thirdparty/installed/include -isystem /var/local/thirdparty/installed/starcache/include -isystem /var/local/thirdparty/installed/starlet/third_party/include -isystem /var/local/thirdparty/installed/starlet/starlet_install/include -isystem /var/local/thirdparty/installed/gperftools/include -isystem /var/local/thirdparty/installed/jemalloc/include -isystem /var/local/thirdparty/installed/include/thrift -isystem /var/local/thirdparty/installed/include/event -isystem /var/local/thirdparty/installed/llvm/include -Wall -Wno-sign-compare -Wno-unknown-pragmas -pthread -Wno-register -Wno-strict-aliasing -fno-omit-frame-pointer -std=gnu++20 -D__STDC_FORMAT_MACROS -Wno-deprecated -Wno-vla -Wno-comment -ffile-prefix-map=/home/xujia/starrocks/be/build_Release=. -ffile-prefix-map=/home/xujia/starrocks/be=be -fno-sized-deallocation -Werror -Wno-unused-parameter -Wno-documentation -Wno-weak-vtables -Werror=string-plus-int -Werror=pessimizing-move -Werror=delete-non-virtual-dtor -Wno-reserved-identifier -Wno-suggest-destructor-override -Wno-documentation-unknown-command -Wno-old-style-cast -Wno-c++20-designator -Wno-mismatched-tags -Wno-bitwise-instead-of-logical -Wno-inconsistent-missing-override -Wno-ambiguous-reversed-operator -Wno-unsafe-buffer-usage -Wno-switch-default -DBOOST_DATE_TIME_POSIX_TIME_STD_CONFIG -DBOOST_SYSTEM_NO_DEPRECATED -DBOOST_UUID_RANDOM_PROVIDER_FORCE_POSIX -Werror=return-type -Werror=switch -DUSE_STAROS -DWITH_STARCACHE --gcc-toolchain=/bin/.. -msse4.2 -mpclmul -mavx2 -mbmi2  -Wno-attributes -DS2_USE_GFLAGS -DS2_USE_GLOG -faligned-new  -DSTARROCKS_JIT_ENABLE -g -Wno-unused-local-typedefs -O3 -gdwarf-4 -DNDEBUG -O3 -DNDEBUG -MD -MT src/formats/CMakeFiles/Formats.dir/orc/orc_file_writer.cpp.o -MF src/formats/CMakeFiles/Formats.dir/orc/orc_file_writer.cpp.o.d -o src/formats/CMakeFiles/Formats.dir/orc/orc_file_writer.cpp.o -c /home/xujia/starrocks/be/src/formats/orc/orc_file_writer.cpp
/home/xujia/starrocks/be/src/formats/orc/orc_file_writer.cpp:255:11: error: non-const lvalue reference to type 'ImmutPtr<...>' cannot bind to a temporary of type 'ImmutPtr<...>'
  255 |     auto& null_column = down_cast<const NullableColumn*>(col.get())->null_column();
      |           ^             ~~~~~~~~~~~~~~~~~~~~~~~~~~~~~~~~~~~~~~~~~~~~~~~~~~~~~~~~~~
1 error generated.
[228/1346] Building CXX object src/formats/CMakeFiles/Formats.dir/parquet/statistics_helper.cpp.o
FAILED: src/formats/CMakeFiles/Formats.dir/parquet/statistics_helper.cpp.o 
ccache /bin/clang++ -DHAVE_INTTYPES_H -DHAVE_NETINET_IN_H -DWITH_TENANN -I/home/xujia/starrocks/be/src/formats/orc/apache-orc/c++/include -I/home/xujia/starrocks/be/src -I/home/xujia/starrocks/be/test -I/home/xujia/starrocks/be/src/gen_cpp/build -I/var/local/thirdparty/installed/include/breakpad -I/var/local/thirdparty/installed/open_jdk/include -I/var/local/thirdparty/installed/open_jdk/include/linux -isystem /var/local/thirdparty/installed/include -isystem /var/local/thirdparty/installed/starcache/include -isystem /var/local/thirdparty/installed/starlet/third_party/include -isystem /var/local/thirdparty/installed/starlet/starlet_install/include -isystem /var/local/thirdparty/installed/gperftools/include -isystem /var/local/thirdparty/installed/jemalloc/include -isystem /var/local/thirdparty/installed/include/thrift -isystem /var/local/thirdparty/installed/include/event -isystem /var/local/thirdparty/installed/llvm/include -Wall -Wno-sign-compare -Wno-unknown-pragmas -pthread -Wno-register -Wno-strict-aliasing -fno-omit-frame-pointer -std=gnu++20 -D__STDC_FORMAT_MACROS -Wno-deprecated -Wno-vla -Wno-comment -ffile-prefix-map=/home/xujia/starrocks/be/build_Release=. -ffile-prefix-map=/home/xujia/starrocks/be=be -fno-sized-deallocation -Werror -Wno-unused-parameter -Wno-documentation -Wno-weak-vtables -Werror=string-plus-int -Werror=pessimizing-move -Werror=delete-non-virtual-dtor -Wno-reserved-identifier -Wno-suggest-destructor-override -Wno-documentation-unknown-command -Wno-old-style-cast -Wno-c++20-designator -Wno-mismatched-tags -Wno-bitwise-instead-of-logical -Wno-inconsistent-missing-override -Wno-ambiguous-reversed-operator -Wno-unsafe-buffer-usage -Wno-switch-default -DBOOST_DATE_TIME_POSIX_TIME_STD_CONFIG -DBOOST_SYSTEM_NO_DEPRECATED -DBOOST_UUID_RANDOM_PROVIDER_FORCE_POSIX -Werror=return-type -Werror=switch -DUSE_STAROS -DWITH_STARCACHE --gcc-toolchain=/bin/.. -msse4.2 -mpclmul -mavx2 -mbmi2  -Wno-attributes -DS2_USE_GFLAGS -DS2_USE_GLOG -faligned-new  -DSTARROCKS_JIT_ENABLE -g -Wno-unused-local-typedefs -O3 -gdwarf-4 -DNDEBUG -O3 -DNDEBUG -MD -MT src/formats/CMakeFiles/Formats.dir/parquet/statistics_helper.cpp.o -MF src/formats/CMakeFiles/Formats.dir/parquet/statistics_helper.cpp.o.d -o src/formats/CMakeFiles/Formats.dir/parquet/statistics_helper.cpp.o -c /home/xujia/starrocks/be/src/formats/parquet/statistics_helper.cpp
In file included from /home/xujia/starrocks/be/src/formats/parquet/statistics_helper.cpp:15:
In file included from /home/xujia/starrocks/be/src/formats/parquet/statistics_helper.h:19:
In file included from /home/xujia/starrocks/be/src/exprs/in_const_predicate.hpp:17:
In file included from /home/xujia/starrocks/be/src/column/chunk.h:22:
In file included from /home/xujia/starrocks/be/src/column/column.h:25:
/home/xujia/starrocks/be/src/common/cow.h:101:33: error: cannot initialize a member subobject of type 'starrocks::FixedLengthColumn<unsigned char> *' with an lvalue of type 'starrocks::Column *'
  101 |         RCPtr(RCPtr<U>&& rhs) : _t(rhs._t) {
      |                                 ^  ~~~~~~
/home/xujia/starrocks/be/src/common/cow.h:165:37: note: in instantiation of function template specialization 'starrocks::Cow<starrocks::Column>::RCPtr<starrocks::FixedLengthColumn<unsigned char>>::RCPtr<starrocks::Column>' requested here
  165 |         MutPtr(MutPtr<U>&& other) : Base(std::move(other)) {}
      |                                     ^
/home/xujia/starrocks/be/src/column/column_builder.h:214:46: note: in instantiation of function template specialization 'starrocks::Cow<starrocks::Column>::MutPtr<starrocks::FixedLengthColumn<unsigned char>>::MutPtr<starrocks::Column>' requested here
  214 |     NullColumnPtr get_null_column() { return _null_column->as_mutable_ptr(); }
      |                                              ^
In file included from /home/xujia/starrocks/be/src/formats/parquet/statistics_helper.cpp:15:
In file included from /home/xujia/starrocks/be/src/formats/parquet/statistics_helper.h:19:
In file included from /home/xujia/starrocks/be/src/exprs/in_const_predicate.hpp:17:
In file included from /home/xujia/starrocks/be/src/column/chunk.h:22:
In file included from /home/xujia/starrocks/be/src/column/column.h:25:
In file included from /home/xujia/starrocks/be/src/common/cow.h:22:
/home/xujia/starrocks/be/src/gutil/casts.h:80:12: error: static_cast from 'const starrocks::Column *' to 'starrocks::ConstColumn *' casts away qualifiers
   80 |     return static_cast<To>(f);
      |            ^~~~~~~~~~~~~~~~~~
/home/xujia/starrocks/be/src/exprs/in_const_predicate.hpp:483:25: note: in instantiation of function template specialization 'down_cast<starrocks::ConstColumn *, const starrocks::Column>' requested here
  483 |                 value = down_cast<ConstColumn*>(value.get())->data_column();
      |                         ^
In file included from /home/xujia/starrocks/be/src/formats/parquet/statistics_helper.cpp:15:
In file included from /home/xujia/starrocks/be/src/formats/parquet/statistics_helper.h:19:
In file included from /home/xujia/starrocks/be/src/exprs/in_const_predicate.hpp:17:
In file included from /home/xujia/starrocks/be/src/column/chunk.h:22:
In file included from /home/xujia/starrocks/be/src/column/column.h:25:
In file included from /home/xujia/starrocks/be/src/common/cow.h:22:
/home/xujia/starrocks/be/src/gutil/casts.h:80:12: error: static_cast from 'const starrocks::Column *' to 'starrocks::BinaryColumnBase<unsigned int> *' casts away qualifiers
   80 |     return static_cast<To>(f);
      |            ^~~~~~~~~~~~~~~~~~
/home/xujia/starrocks/be/src/formats/parquet/encoding_plain.h:517:31: note: in instantiation of function template specialization 'down_cast<starrocks::BinaryColumnBase<unsigned int> *, const starrocks::Column>' requested here
  517 |         auto* binary_column = down_cast<BinaryColumn*>(nullable_column->data_column().get());
      |                               ^
3 errors generated.
[229/1346] Building CXX object src/exec/CMakeFiles/Exec.dir/es/es_predicate.cpp.o
FAILED: src/exec/CMakeFiles/Exec.dir/es/es_predicate.cpp.o 
ccache /bin/clang++ -DHAVE_INTTYPES_H -DHAVE_NETINET_IN_H -DWITH_TENANN -I/home/xujia/starrocks/be/src/formats/orc/apache-orc/c++/include -I/home/xujia/starrocks/be/src -I/home/xujia/starrocks/be/test -I/home/xujia/starrocks/be/src/gen_cpp/build -I/var/local/thirdparty/installed/include/breakpad -I/var/local/thirdparty/installed/open_jdk/include -I/var/local/thirdparty/installed/open_jdk/include/linux -isystem /var/local/thirdparty/installed/include -isystem /var/local/thirdparty/installed/starcache/include -isystem /var/local/thirdparty/installed/starlet/third_party/include -isystem /var/local/thirdparty/installed/starlet/starlet_install/include -isystem /var/local/thirdparty/installed/gperftools/include -isystem /var/local/thirdparty/installed/jemalloc/include -isystem /var/local/thirdparty/installed/include/thrift -isystem /var/local/thirdparty/installed/include/event -isystem /var/local/thirdparty/installed/llvm/include -Wall -Wno-sign-compare -Wno-unknown-pragmas -pthread -Wno-register -Wno-strict-aliasing -fno-omit-frame-pointer -std=gnu++20 -D__STDC_FORMAT_MACROS -Wno-deprecated -Wno-vla -Wno-comment -ffile-prefix-map=/home/xujia/starrocks/be/build_Release=. -ffile-prefix-map=/home/xujia/starrocks/be=be -fno-sized-deallocation -Werror -Wno-unused-parameter -Wno-documentation -Wno-weak-vtables -Werror=string-plus-int -Werror=pessimizing-move -Werror=delete-non-virtual-dtor -Wno-reserved-identifier -Wno-suggest-destructor-override -Wno-documentation-unknown-command -Wno-old-style-cast -Wno-c++20-designator -Wno-mismatched-tags -Wno-bitwise-instead-of-logical -Wno-inconsistent-missing-override -Wno-ambiguous-reversed-operator -Wno-unsafe-buffer-usage -Wno-switch-default -DBOOST_DATE_TIME_POSIX_TIME_STD_CONFIG -DBOOST_SYSTEM_NO_DEPRECATED -DBOOST_UUID_RANDOM_PROVIDER_FORCE_POSIX -Werror=return-type -Werror=switch -DUSE_STAROS -DWITH_STARCACHE --gcc-toolchain=/bin/.. -msse4.2 -mpclmul -mavx2 -mbmi2  -Wno-attributes -DS2_USE_GFLAGS -DS2_USE_GLOG -faligned-new  -DSTARROCKS_JIT_ENABLE -g -Wno-unused-local-typedefs -O3 -gdwarf-4 -DNDEBUG -O3 -DNDEBUG -MD -MT src/exec/CMakeFiles/Exec.dir/es/es_predicate.cpp.o -MF src/exec/CMakeFiles/Exec.dir/es/es_predicate.cpp.o.d -o src/exec/CMakeFiles/Exec.dir/es/es_predicate.cpp.o -c /home/xujia/starrocks/be/src/exec/es/es_predicate.cpp
In file included from /home/xujia/starrocks/be/src/exec/es/es_predicate.cpp:35:
In file included from /home/xujia/starrocks/be/src/exec/es/es_predicate.h:42:
In file included from /home/xujia/starrocks/be/src/column/column.h:25:
/home/xujia/starrocks/be/src/common/cow.h:101:33: error: cannot initialize a member subobject of type 'starrocks::FixedLengthColumn<unsigned char> *' with an lvalue of type 'starrocks::Column *'
  101 |         RCPtr(RCPtr<U>&& rhs) : _t(rhs._t) {
      |                                 ^  ~~~~~~
/home/xujia/starrocks/be/src/common/cow.h:165:37: note: in instantiation of function template specialization 'starrocks::Cow<starrocks::Column>::RCPtr<starrocks::FixedLengthColumn<unsigned char>>::RCPtr<starrocks::Column>' requested here
  165 |         MutPtr(MutPtr<U>&& other) : Base(std::move(other)) {}
      |                                     ^
/home/xujia/starrocks/be/src/column/column_builder.h:214:46: note: in instantiation of function template specialization 'starrocks::Cow<starrocks::Column>::MutPtr<starrocks::FixedLengthColumn<unsigned char>>::MutPtr<starrocks::Column>' requested here
  214 |     NullColumnPtr get_null_column() { return _null_column->as_mutable_ptr(); }
      |                                              ^
In file included from /home/xujia/starrocks/be/src/exec/es/es_predicate.cpp:35:
In file included from /home/xujia/starrocks/be/src/exec/es/es_predicate.h:42:
In file included from /home/xujia/starrocks/be/src/column/column.h:25:
In file included from /home/xujia/starrocks/be/src/common/cow.h:22:
/home/xujia/starrocks/be/src/gutil/casts.h:80:12: error: static_cast from 'const starrocks::Column *' to 'starrocks::ConstColumn *' casts away qualifiers
   80 |     return static_cast<To>(f);
      |            ^~~~~~~~~~~~~~~~~~
/home/xujia/starrocks/be/src/exprs/in_const_predicate.hpp:483:25: note: in instantiation of function template specialization 'down_cast<starrocks::ConstColumn *, const starrocks::Column>' requested here
  483 |                 value = down_cast<ConstColumn*>(value.get())->data_column();
      |                         ^
2 errors generated.
[230/1346] Building CXX object src/formats/CMakeFiles/Formats.dir/parquet/complex_column_reader.cpp.o
FAILED: src/formats/CMakeFiles/Formats.dir/parquet/complex_column_reader.cpp.o 
ccache /bin/clang++ -DHAVE_INTTYPES_H -DHAVE_NETINET_IN_H -DWITH_TENANN -I/home/xujia/starrocks/be/src/formats/orc/apache-orc/c++/include -I/home/xujia/starrocks/be/src -I/home/xujia/starrocks/be/test -I/home/xujia/starrocks/be/src/gen_cpp/build -I/var/local/thirdparty/installed/include/breakpad -I/var/local/thirdparty/installed/open_jdk/include -I/var/local/thirdparty/installed/open_jdk/include/linux -isystem /var/local/thirdparty/installed/include -isystem /var/local/thirdparty/installed/starcache/include -isystem /var/local/thirdparty/installed/starlet/third_party/include -isystem /var/local/thirdparty/installed/starlet/starlet_install/include -isystem /var/local/thirdparty/installed/gperftools/include -isystem /var/local/thirdparty/installed/jemalloc/include -isystem /var/local/thirdparty/installed/include/thrift -isystem /var/local/thirdparty/installed/include/event -isystem /var/local/thirdparty/installed/llvm/include -Wall -Wno-sign-compare -Wno-unknown-pragmas -pthread -Wno-register -Wno-strict-aliasing -fno-omit-frame-pointer -std=gnu++20 -D__STDC_FORMAT_MACROS -Wno-deprecated -Wno-vla -Wno-comment -ffile-prefix-map=/home/xujia/starrocks/be/build_Release=. -ffile-prefix-map=/home/xujia/starrocks/be=be -fno-sized-deallocation -Werror -Wno-unused-parameter -Wno-documentation -Wno-weak-vtables -Werror=string-plus-int -Werror=pessimizing-move -Werror=delete-non-virtual-dtor -Wno-reserved-identifier -Wno-suggest-destructor-override -Wno-documentation-unknown-command -Wno-old-style-cast -Wno-c++20-designator -Wno-mismatched-tags -Wno-bitwise-instead-of-logical -Wno-inconsistent-missing-override -Wno-ambiguous-reversed-operator -Wno-unsafe-buffer-usage -Wno-switch-default -DBOOST_DATE_TIME_POSIX_TIME_STD_CONFIG -DBOOST_SYSTEM_NO_DEPRECATED -DBOOST_UUID_RANDOM_PROVIDER_FORCE_POSIX -Werror=return-type -Werror=switch -DUSE_STAROS -DWITH_STARCACHE --gcc-toolchain=/bin/.. -msse4.2 -mpclmul -mavx2 -mbmi2  -Wno-attributes -DS2_USE_GFLAGS -DS2_USE_GLOG -faligned-new  -DSTARROCKS_JIT_ENABLE -g -Wno-unused-local-typedefs -O3 -gdwarf-4 -DNDEBUG -O3 -DNDEBUG -MD -MT src/formats/CMakeFiles/Formats.dir/parquet/complex_column_reader.cpp.o -MF src/formats/CMakeFiles/Formats.dir/parquet/complex_column_reader.cpp.o.d -o src/formats/CMakeFiles/Formats.dir/parquet/complex_column_reader.cpp.o -c /home/xujia/starrocks/be/src/formats/parquet/complex_column_reader.cpp
/home/xujia/starrocks/be/src/formats/parquet/complex_column_reader.cpp:133:68: error: non-const lvalue reference to type 'ColumnPtr' (aka 'ImmutPtr<starrocks::Column>') cannot bind to a value of unrelated type 'MutableColumnPtr' (aka 'MutPtr<starrocks::Column>')
  133 |     RETURN_IF_ERROR(_element_reader->fill_dst_column(dst_elements, src_elements));
      |                                                                    ^~~~~~~~~~~~
/home/xujia/starrocks/be/src/common/status.h:428:56: note: expanded from macro 'RETURN_IF_ERROR'
  428 | #define RETURN_IF_ERROR(stmt) RETURN_IF_ERROR_INTERNAL(stmt)
      |                                                        ^~~~
/home/xujia/starrocks/be/src/common/status.h:345:28: note: expanded from macro 'RETURN_IF_ERROR_INTERNAL'
  345 |         auto&& status__ = (stmt);                                                                     \
      |                            ^~~~
/home/xujia/starrocks/be/src/formats/parquet/column_reader.h:140:70: note: passing argument to parameter 'src' here
  140 |     virtual Status fill_dst_column(MutableColumnPtr& dst, ColumnPtr& src) {
      |                                                                      ^
/home/xujia/starrocks/be/src/formats/parquet/complex_column_reader.cpp:328:88: error: non-const lvalue reference to type 'ColumnPtr' (aka 'ImmutPtr<starrocks::Column>') cannot bind to a value of unrelated type 'MutableColumnPtr' (aka 'MutPtr<starrocks::Column>')
  328 |                 RETURN_IF_ERROR(_child_readers[field_name]->fill_dst_column(dst_field, src_field));
      |                                                                                        ^~~~~~~~~
/home/xujia/starrocks/be/src/common/status.h:428:56: note: expanded from macro 'RETURN_IF_ERROR'
  428 | #define RETURN_IF_ERROR(stmt) RETURN_IF_ERROR_INTERNAL(stmt)
      |                                                        ^~~~
/home/xujia/starrocks/be/src/common/status.h:345:28: note: expanded from macro 'RETURN_IF_ERROR_INTERNAL'
  345 |         auto&& status__ = (stmt);                                                                     \
      |                            ^~~~
/home/xujia/starrocks/be/src/formats/parquet/column_reader.h:140:70: note: passing argument to parameter 'src' here
  140 |     virtual Status fill_dst_column(MutableColumnPtr& dst, ColumnPtr& src) {
      |                                                                      ^
2 errors generated.
[231/1346] Building CXX object src/formats/CMakeFiles/Formats.dir/orc/orc_chunk_reader.cpp.o
FAILED: src/formats/CMakeFiles/Formats.dir/orc/orc_chunk_reader.cpp.o 
ccache /bin/clang++ -DHAVE_INTTYPES_H -DHAVE_NETINET_IN_H -DWITH_TENANN -I/home/xujia/starrocks/be/src/formats/orc/apache-orc/c++/include -I/home/xujia/starrocks/be/src -I/home/xujia/starrocks/be/test -I/home/xujia/starrocks/be/src/gen_cpp/build -I/var/local/thirdparty/installed/include/breakpad -I/var/local/thirdparty/installed/open_jdk/include -I/var/local/thirdparty/installed/open_jdk/include/linux -isystem /var/local/thirdparty/installed/include -isystem /var/local/thirdparty/installed/starcache/include -isystem /var/local/thirdparty/installed/starlet/third_party/include -isystem /var/local/thirdparty/installed/starlet/starlet_install/include -isystem /var/local/thirdparty/installed/gperftools/include -isystem /var/local/thirdparty/installed/jemalloc/include -isystem /var/local/thirdparty/installed/include/thrift -isystem /var/local/thirdparty/installed/include/event -isystem /var/local/thirdparty/installed/llvm/include -Wall -Wno-sign-compare -Wno-unknown-pragmas -pthread -Wno-register -Wno-strict-aliasing -fno-omit-frame-pointer -std=gnu++20 -D__STDC_FORMAT_MACROS -Wno-deprecated -Wno-vla -Wno-comment -ffile-prefix-map=/home/xujia/starrocks/be/build_Release=. -ffile-prefix-map=/home/xujia/starrocks/be=be -fno-sized-deallocation -Werror -Wno-unused-parameter -Wno-documentation -Wno-weak-vtables -Werror=string-plus-int -Werror=pessimizing-move -Werror=delete-non-virtual-dtor -Wno-reserved-identifier -Wno-suggest-destructor-override -Wno-documentation-unknown-command -Wno-old-style-cast -Wno-c++20-designator -Wno-mismatched-tags -Wno-bitwise-instead-of-logical -Wno-inconsistent-missing-override -Wno-ambiguous-reversed-operator -Wno-unsafe-buffer-usage -Wno-switch-default -DBOOST_DATE_TIME_POSIX_TIME_STD_CONFIG -DBOOST_SYSTEM_NO_DEPRECATED -DBOOST_UUID_RANDOM_PROVIDER_FORCE_POSIX -Werror=return-type -Werror=switch -DUSE_STAROS -DWITH_STARCACHE --gcc-toolchain=/bin/.. -msse4.2 -mpclmul -mavx2 -mbmi2  -Wno-attributes -DS2_USE_GFLAGS -DS2_USE_GLOG -faligned-new  -DSTARROCKS_JIT_ENABLE -g -Wno-unused-local-typedefs -O3 -gdwarf-4 -DNDEBUG -O3 -DNDEBUG -MD -MT src/formats/CMakeFiles/Formats.dir/orc/orc_chunk_reader.cpp.o -MF src/formats/CMakeFiles/Formats.dir/orc/orc_chunk_reader.cpp.o.d -o src/formats/CMakeFiles/Formats.dir/orc/orc_chunk_reader.cpp.o -c /home/xujia/starrocks/be/src/formats/orc/orc_chunk_reader.cpp
/home/xujia/starrocks/be/src/formats/orc/orc_chunk_reader.cpp:516:67: error: non-const lvalue reference to type 'MutableColumnPtr' (aka 'MutPtr<starrocks::Column>') cannot bind to a value of unrelated type 'ColumnPtr' (aka 'ImmutPtr<starrocks::Column>')
  516 |         RETURN_IF_ERROR(_column_readers[src_index]->get_next(cvb, col, 0, _batch->numElements));
      |                                                                   ^~~
/home/xujia/starrocks/be/src/common/status.h:428:56: note: expanded from macro 'RETURN_IF_ERROR'
  428 | #define RETURN_IF_ERROR(stmt) RETURN_IF_ERROR_INTERNAL(stmt)
      |                                                        ^~~~
/home/xujia/starrocks/be/src/common/status.h:345:28: note: expanded from macro 'RETURN_IF_ERROR_INTERNAL'
  345 |         auto&& status__ = (stmt);                                                                     \
      |                            ^~~~
/home/xujia/starrocks/be/src/formats/orc/column_reader.h:73:76: note: passing argument to parameter 'col' here
   73 |     virtual Status get_next(orc::ColumnVectorBatch* cvb, MutableColumnPtr& col, size_t from, size_t size) = 0;
      |                                                                            ^
1 error generated.
[232/1346] Building CXX object src/formats/CMakeFiles/Formats.dir/parquet/scalar_column_reader.cpp.o
FAILED: src/formats/CMakeFiles/Formats.dir/parquet/scalar_column_reader.cpp.o 
ccache /bin/clang++ -DHAVE_INTTYPES_H -DHAVE_NETINET_IN_H -DWITH_TENANN -I/home/xujia/starrocks/be/src/formats/orc/apache-orc/c++/include -I/home/xujia/starrocks/be/src -I/home/xujia/starrocks/be/test -I/home/xujia/starrocks/be/src/gen_cpp/build -I/var/local/thirdparty/installed/include/breakpad -I/var/local/thirdparty/installed/open_jdk/include -I/var/local/thirdparty/installed/open_jdk/include/linux -isystem /var/local/thirdparty/installed/include -isystem /var/local/thirdparty/installed/starcache/include -isystem /var/local/thirdparty/installed/starlet/third_party/include -isystem /var/local/thirdparty/installed/starlet/starlet_install/include -isystem /var/local/thirdparty/installed/gperftools/include -isystem /var/local/thirdparty/installed/jemalloc/include -isystem /var/local/thirdparty/installed/include/thrift -isystem /var/local/thirdparty/installed/include/event -isystem /var/local/thirdparty/installed/llvm/include -Wall -Wno-sign-compare -Wno-unknown-pragmas -pthread -Wno-register -Wno-strict-aliasing -fno-omit-frame-pointer -std=gnu++20 -D__STDC_FORMAT_MACROS -Wno-deprecated -Wno-vla -Wno-comment -ffile-prefix-map=/home/xujia/starrocks/be/build_Release=. -ffile-prefix-map=/home/xujia/starrocks/be=be -fno-sized-deallocation -Werror -Wno-unused-parameter -Wno-documentation -Wno-weak-vtables -Werror=string-plus-int -Werror=pessimizing-move -Werror=delete-non-virtual-dtor -Wno-reserved-identifier -Wno-suggest-destructor-override -Wno-documentation-unknown-command -Wno-old-style-cast -Wno-c++20-designator -Wno-mismatched-tags -Wno-bitwise-instead-of-logical -Wno-inconsistent-missing-override -Wno-ambiguous-reversed-operator -Wno-unsafe-buffer-usage -Wno-switch-default -DBOOST_DATE_TIME_POSIX_TIME_STD_CONFIG -DBOOST_SYSTEM_NO_DEPRECATED -DBOOST_UUID_RANDOM_PROVIDER_FORCE_POSIX -Werror=return-type -Werror=switch -DUSE_STAROS -DWITH_STARCACHE --gcc-toolchain=/bin/.. -msse4.2 -mpclmul -mavx2 -mbmi2  -Wno-attributes -DS2_USE_GFLAGS -DS2_USE_GLOG -faligned-new  -DSTARROCKS_JIT_ENABLE -g -Wno-unused-local-typedefs -O3 -gdwarf-4 -DNDEBUG -O3 -DNDEBUG -MD -MT src/formats/CMakeFiles/Formats.dir/parquet/scalar_column_reader.cpp.o -MF src/formats/CMakeFiles/Formats.dir/parquet/scalar_column_reader.cpp.o.d -o src/formats/CMakeFiles/Formats.dir/parquet/scalar_column_reader.cpp.o -c /home/xujia/starrocks/be/src/formats/parquet/scalar_column_reader.cpp
In file included from /home/xujia/starrocks/be/src/formats/parquet/scalar_column_reader.cpp:15:
In file included from /home/xujia/starrocks/be/src/formats/parquet/scalar_column_reader.h:17:
In file included from /home/xujia/starrocks/be/src/formats/parquet/column_converter.h:20:
In file included from /home/xujia/starrocks/be/src/column/column_helper.h:19:
In file included from /home/xujia/starrocks/be/src/column/nullable_column.h:17:
In file included from /home/xujia/starrocks/be/src/column/fixed_length_column.h:17:
In file included from /home/xujia/starrocks/be/src/column/fixed_length_column_base.h:20:
In file included from /home/xujia/starrocks/be/src/column/column.h:25:
/home/xujia/starrocks/be/src/common/cow.h:101:33: error: cannot initialize a member subobject of type 'starrocks::FixedLengthColumn<unsigned char> *' with an lvalue of type 'starrocks::Column *'
  101 |         RCPtr(RCPtr<U>&& rhs) : _t(rhs._t) {
      |                                 ^  ~~~~~~
/home/xujia/starrocks/be/src/common/cow.h:165:37: note: in instantiation of function template specialization 'starrocks::Cow<starrocks::Column>::RCPtr<starrocks::FixedLengthColumn<unsigned char>>::RCPtr<starrocks::Column>' requested here
  165 |         MutPtr(MutPtr<U>&& other) : Base(std::move(other)) {}
      |                                     ^
/home/xujia/starrocks/be/src/column/column_builder.h:214:46: note: in instantiation of function template specialization 'starrocks::Cow<starrocks::Column>::MutPtr<starrocks::FixedLengthColumn<unsigned char>>::MutPtr<starrocks::Column>' requested here
  214 |     NullColumnPtr get_null_column() { return _null_column->as_mutable_ptr(); }
      |                                              ^
In file included from /home/xujia/starrocks/be/src/formats/parquet/scalar_column_reader.cpp:15:
In file included from /home/xujia/starrocks/be/src/formats/parquet/scalar_column_reader.h:17:
In file included from /home/xujia/starrocks/be/src/formats/parquet/column_converter.h:20:
In file included from /home/xujia/starrocks/be/src/column/column_helper.h:19:
In file included from /home/xujia/starrocks/be/src/column/nullable_column.h:17:
In file included from /home/xujia/starrocks/be/src/column/fixed_length_column.h:17:
In file included from /home/xujia/starrocks/be/src/column/fixed_length_column_base.h:20:
In file included from /home/xujia/starrocks/be/src/column/column.h:25:
In file included from /home/xujia/starrocks/be/src/common/cow.h:22:
/home/xujia/starrocks/be/src/gutil/casts.h:80:12: error: static_cast from 'const starrocks::Column *' to 'starrocks::ConstColumn *' casts away qualifiers
   80 |     return static_cast<To>(f);
      |            ^~~~~~~~~~~~~~~~~~
/home/xujia/starrocks/be/src/exprs/in_const_predicate.hpp:483:25: note: in instantiation of function template specialization 'down_cast<starrocks::ConstColumn *, const starrocks::Column>' requested here
  483 |                 value = down_cast<ConstColumn*>(value.get())->data_column();
      |                         ^
2 errors generated.
[233/1346] Building CXX object src/formats/CMakeFiles/Formats.dir/parquet/group_reader.cpp.o
FAILED: src/formats/CMakeFiles/Formats.dir/parquet/group_reader.cpp.o 
ccache /bin/clang++ -DHAVE_INTTYPES_H -DHAVE_NETINET_IN_H -DWITH_TENANN -I/home/xujia/starrocks/be/src/formats/orc/apache-orc/c++/include -I/home/xujia/starrocks/be/src -I/home/xujia/starrocks/be/test -I/home/xujia/starrocks/be/src/gen_cpp/build -I/var/local/thirdparty/installed/include/breakpad -I/var/local/thirdparty/installed/open_jdk/include -I/var/local/thirdparty/installed/open_jdk/include/linux -isystem /var/local/thirdparty/installed/include -isystem /var/local/thirdparty/installed/starcache/include -isystem /var/local/thirdparty/installed/starlet/third_party/include -isystem /var/local/thirdparty/installed/starlet/starlet_install/include -isystem /var/local/thirdparty/installed/gperftools/include -isystem /var/local/thirdparty/installed/jemalloc/include -isystem /var/local/thirdparty/installed/include/thrift -isystem /var/local/thirdparty/installed/include/event -isystem /var/local/thirdparty/installed/llvm/include -Wall -Wno-sign-compare -Wno-unknown-pragmas -pthread -Wno-register -Wno-strict-aliasing -fno-omit-frame-pointer -std=gnu++20 -D__STDC_FORMAT_MACROS -Wno-deprecated -Wno-vla -Wno-comment -ffile-prefix-map=/home/xujia/starrocks/be/build_Release=. -ffile-prefix-map=/home/xujia/starrocks/be=be -fno-sized-deallocation -Werror -Wno-unused-parameter -Wno-documentation -Wno-weak-vtables -Werror=string-plus-int -Werror=pessimizing-move -Werror=delete-non-virtual-dtor -Wno-reserved-identifier -Wno-suggest-destructor-override -Wno-documentation-unknown-command -Wno-old-style-cast -Wno-c++20-designator -Wno-mismatched-tags -Wno-bitwise-instead-of-logical -Wno-inconsistent-missing-override -Wno-ambiguous-reversed-operator -Wno-unsafe-buffer-usage -Wno-switch-default -DBOOST_DATE_TIME_POSIX_TIME_STD_CONFIG -DBOOST_SYSTEM_NO_DEPRECATED -DBOOST_UUID_RANDOM_PROVIDER_FORCE_POSIX -Werror=return-type -Werror=switch -DUSE_STAROS -DWITH_STARCACHE --gcc-toolchain=/bin/.. -msse4.2 -mpclmul -mavx2 -mbmi2  -Wno-attributes -DS2_USE_GFLAGS -DS2_USE_GLOG -faligned-new  -DSTARROCKS_JIT_ENABLE -g -Wno-unused-local-typedefs -O3 -gdwarf-4 -DNDEBUG -O3 -DNDEBUG -MD -MT src/formats/CMakeFiles/Formats.dir/parquet/group_reader.cpp.o -MF src/formats/CMakeFiles/Formats.dir/parquet/group_reader.cpp.o.d -o src/formats/CMakeFiles/Formats.dir/parquet/group_reader.cpp.o -c /home/xujia/starrocks/be/src/formats/parquet/group_reader.cpp
/home/xujia/starrocks/be/src/formats/parquet/group_reader.cpp:245:77: error: non-const lvalue reference to type 'MutableColumnPtr' (aka 'MutPtr<starrocks::Column>') cannot bind to a value of unrelated type 'ColumnPtr' (aka 'ImmutPtr<starrocks::Column>')
  245 |         RETURN_IF_ERROR(_column_readers[slot_id]->read_range(range, filter, (*chunk)->get_column_by_slot_id(slot_id)));
      |                                                                             ^~~~~~~~~~~~~~~~~~~~~~~~~~~~~~~~~~~~~~~~
/home/xujia/starrocks/be/src/common/status.h:428:56: note: expanded from macro 'RETURN_IF_ERROR'
  428 | #define RETURN_IF_ERROR(stmt) RETURN_IF_ERROR_INTERNAL(stmt)
      |                                                        ^~~~
/home/xujia/starrocks/be/src/common/status.h:345:28: note: expanded from macro 'RETURN_IF_ERROR_INTERNAL'
  345 |         auto&& status__ = (stmt);                                                                     \
      |                            ^~~~
/home/xujia/starrocks/be/src/formats/parquet/column_reader.h:116:101: note: passing argument to parameter 'dst' here
  116 |     virtual Status read_range(const Range<uint64_t>& range, const Filter* filter, MutableColumnPtr& dst) = 0;
      |                                                                                                     ^
/home/xujia/starrocks/be/src/formats/parquet/group_reader.cpp:262:77: error: non-const lvalue reference to type 'MutableColumnPtr' (aka 'MutPtr<starrocks::Column>') cannot bind to a value of unrelated type 'ColumnPtr' (aka 'ImmutPtr<starrocks::Column>')
  262 |         RETURN_IF_ERROR(_column_readers[slot_id]->read_range(range, filter, (*chunk)->get_column_by_slot_id(slot_id)));
      |                                                                             ^~~~~~~~~~~~~~~~~~~~~~~~~~~~~~~~~~~~~~~~
/home/xujia/starrocks/be/src/common/status.h:428:56: note: expanded from macro 'RETURN_IF_ERROR'
  428 | #define RETURN_IF_ERROR(stmt) RETURN_IF_ERROR_INTERNAL(stmt)
      |                                                        ^~~~
/home/xujia/starrocks/be/src/common/status.h:345:28: note: expanded from macro 'RETURN_IF_ERROR_INTERNAL'
  345 |         auto&& status__ = (stmt);                                                                     \
      |                            ^~~~
/home/xujia/starrocks/be/src/formats/parquet/column_reader.h:116:101: note: passing argument to parameter 'dst' here
  116 |     virtual Status read_range(const Range<uint64_t>& range, const Filter* filter, MutableColumnPtr& dst) = 0;
      |                                                                                                     ^
In file included from /home/xujia/starrocks/be/src/formats/parquet/group_reader.cpp:33:
In file included from /home/xujia/starrocks/be/src/formats/parquet/scalar_column_reader.h:19:
In file included from /home/xujia/starrocks/be/src/formats/parquet/stored_column_reader.h:27:
In file included from /home/xujia/starrocks/be/src/formats/parquet/column_chunk_reader.h:30:
In file included from /home/xujia/starrocks/be/src/formats/parquet/level_codec.h:28:
In file included from /home/xujia/starrocks/be/src/util/rle_encoding.h:39:
In file included from /home/xujia/starrocks/be/src/util/bit_stream_utils.inline.h:42:
In file included from /home/xujia/starrocks/be/src/util/bit_packing.h:18:
In file included from /home/xujia/starrocks/be/src/util/bit_packing_avx2.h:23:
/home/xujia/starrocks/be/src/util/bit_packing_default.h:122:60: error: shift count >= width of type [-Werror,-Wshift-count-overflow]
  122 |     constexpr uint64_t mask = BIT_WIDTH == 64 ? ~0L : (1UL << BIT_WIDTH) - 1;
      |                                                            ^  ~~~~~~~~~
/home/xujia/starrocks/be/src/util/bit_packing_default.h:166:36: note: in instantiation of function template specialization 'starrocks::util::bitpacking_default::UnpackValue<64, 0, true>' requested here
  166 |     BOOST_PP_REPEAT_FROM_TO(0, 32, UNPACK_VALUE_CALL, ignore);
      |                                    ^
/var/local/thirdparty/installed/include/boost/preprocessor/repetition/repeat_from_to.hpp:35:34: note: expanded from macro 'BOOST_PP_REPEAT_FROM_TO'
   35 | # define BOOST_PP_REPEAT_FROM_TO BOOST_PP_CAT(BOOST_PP_REPEAT_FROM_TO_, BOOST_PP_AUTO_REC(BOOST_PP_REPEAT_P, 4))
      |                                  ^
/var/local/thirdparty/installed/include/boost/preprocessor/cat.hpp:22:32: note: expanded from macro 'BOOST_PP_CAT'
   22 | #    define BOOST_PP_CAT(a, b) BOOST_PP_CAT_I(a, b)
      |                                ^
/var/local/thirdparty/installed/include/boost/preprocessor/cat.hpp:29:34: note: expanded from macro 'BOOST_PP_CAT_I'
   29 | #    define BOOST_PP_CAT_I(a, b) a ## b
      |                                  ^
<scratch space>:273:1: note: expanded from here
  273 | BOOST_PP_REPEAT_FROM_TO_1
      | ^
/home/xujia/starrocks/be/src/util/bit_packing_default.h:225:18: note: in instantiation of function template specialization 'starrocks::util::bitpacking_default::Unpack32Values<short, 64>' requested here
  225 |         in_pos = Unpack32Values<OutType, BIT_WIDTH>(in_pos, in_bytes, out_pos);
      |                  ^
/home/xujia/starrocks/be/src/util/bit_packing_default.h:258:40: note: in instantiation of function template specialization 'starrocks::util::bitpacking_default::UnpackValues<short, 64>' requested here
  258 |         BOOST_PP_REPEAT_FROM_TO(0, 65, UNPACK_VALUES_CASE, ignore);
      |                                        ^
/var/local/thirdparty/installed/include/boost/preprocessor/repetition/repeat_from_to.hpp:35:34: note: expanded from macro 'BOOST_PP_REPEAT_FROM_TO'
   35 | # define BOOST_PP_REPEAT_FROM_TO BOOST_PP_CAT(BOOST_PP_REPEAT_FROM_TO_, BOOST_PP_AUTO_REC(BOOST_PP_REPEAT_P, 4))
      |                                  ^
/var/local/thirdparty/installed/include/boost/preprocessor/cat.hpp:22:32: note: expanded from macro 'BOOST_PP_CAT'
   22 | #    define BOOST_PP_CAT(a, b) BOOST_PP_CAT_I(a, b)
      |                                ^
/var/local/thirdparty/installed/include/boost/preprocessor/cat.hpp:29:34: note: expanded from macro 'BOOST_PP_CAT_I'
   29 | #    define BOOST_PP_CAT_I(a, b) a ## b
      |                                  ^
<scratch space>:192:1: note: expanded from here
  192 | BOOST_PP_REPEAT_FROM_TO_1
      | ^
/home/xujia/starrocks/be/src/util/bit_packing.h:39:57: note: in instantiation of function template specialization 'starrocks::util::bitpacking_default::UnpackValues<short>' requested here
   39 |             return starrocks::util::bitpacking_default::UnpackValues(bit_width, in, in_bytes, num_values, out);
      |                                                         ^
/home/xujia/starrocks/be/src/util/bit_stream_utils.inline.h:188:32: note: in instantiation of function template specialization 'starrocks::BitPacking::UnpackValues<short>' requested here
  188 |         auto ret = BitPacking::UnpackValues(num_bits, buffer_ + byte_offset_, max_bytes_ - byte_offset_,
      |                                ^
/home/xujia/starrocks/be/src/util/rle_encoding.h:436:44: note: in instantiation of function template specialization 'starrocks::BitReader::GetBatch<short>' requested here
  436 |             if (PREDICT_FALSE(!bit_reader_.GetBatch(bit_width_, vals, read_this_time))) {
      |                                            ^
/home/xujia/starrocks/be/src/formats/parquet/level_codec.h:118:45: note: in instantiation of member function 'starrocks::RleDecoder<short>::GetBatch' requested here
  118 |             if (PREDICT_FALSE(!_rle_decoder.GetBatch(levels, n))) {
      |                                             ^
In file included from /home/xujia/starrocks/be/src/formats/parquet/group_reader.cpp:33:
In file included from /home/xujia/starrocks/be/src/formats/parquet/scalar_column_reader.h:19:
In file included from /home/xujia/starrocks/be/src/formats/parquet/stored_column_reader.h:27:
In file included from /home/xujia/starrocks/be/src/formats/parquet/column_chunk_reader.h:30:
In file included from /home/xujia/starrocks/be/src/formats/parquet/level_codec.h:28:
In file included from /home/xujia/starrocks/be/src/util/rle_encoding.h:39:
In file included from /home/xujia/starrocks/be/src/util/bit_stream_utils.inline.h:42:
In file included from /home/xujia/starrocks/be/src/util/bit_packing.h:18:
In file included from /home/xujia/starrocks/be/src/util/bit_packing_avx2.h:23:
/home/xujia/starrocks/be/src/util/bit_packing_default.h:122:60: error: shift count >= width of type [-Werror,-Wshift-count-overflow]
  122 |     constexpr uint64_t mask = BIT_WIDTH == 64 ? ~0L : (1UL << BIT_WIDTH) - 1;
      |                                                            ^  ~~~~~~~~~
/home/xujia/starrocks/be/src/util/bit_packing_default.h:166:36: note: in instantiation of function template specialization 'starrocks::util::bitpacking_default::UnpackValue<64, 1, true>' requested here
  166 |     BOOST_PP_REPEAT_FROM_TO(0, 32, UNPACK_VALUE_CALL, ignore);
      |                                    ^
/var/local/thirdparty/installed/include/boost/preprocessor/repetition/repeat_from_to.hpp:35:34: note: expanded from macro 'BOOST_PP_REPEAT_FROM_TO'
   35 | # define BOOST_PP_REPEAT_FROM_TO BOOST_PP_CAT(BOOST_PP_REPEAT_FROM_TO_, BOOST_PP_AUTO_REC(BOOST_PP_REPEAT_P, 4))
      |                                  ^
/var/local/thirdparty/installed/include/boost/preprocessor/cat.hpp:22:32: note: expanded from macro 'BOOST_PP_CAT'
   22 | #    define BOOST_PP_CAT(a, b) BOOST_PP_CAT_I(a, b)
      |                                ^
/var/local/thirdparty/installed/include/boost/preprocessor/cat.hpp:29:34: note: expanded from macro 'BOOST_PP_CAT_I'
   29 | #    define BOOST_PP_CAT_I(a, b) a ## b
      |                                  ^
<scratch space>:273:1: note: expanded from here
  273 | BOOST_PP_REPEAT_FROM_TO_1
      | ^
/home/xujia/starrocks/be/src/util/bit_packing_default.h:225:18: note: in instantiation of function template specialization 'starrocks::util::bitpacking_default::Unpack32Values<short, 64>' requested here
  225 |         in_pos = Unpack32Values<OutType, BIT_WIDTH>(in_pos, in_bytes, out_pos);
      |                  ^
/home/xujia/starrocks/be/src/util/bit_packing_default.h:258:40: note: in instantiation of function template specialization 'starrocks::util::bitpacking_default::UnpackValues<short, 64>' requested here
  258 |         BOOST_PP_REPEAT_FROM_TO(0, 65, UNPACK_VALUES_CASE, ignore);
      |                                        ^
/var/local/thirdparty/installed/include/boost/preprocessor/repetition/repeat_from_to.hpp:35:34: note: expanded from macro 'BOOST_PP_REPEAT_FROM_TO'
   35 | # define BOOST_PP_REPEAT_FROM_TO BOOST_PP_CAT(BOOST_PP_REPEAT_FROM_TO_, BOOST_PP_AUTO_REC(BOOST_PP_REPEAT_P, 4))
      |                                  ^
/var/local/thirdparty/installed/include/boost/preprocessor/cat.hpp:22:32: note: expanded from macro 'BOOST_PP_CAT'
   22 | #    define BOOST_PP_CAT(a, b) BOOST_PP_CAT_I(a, b)
      |                                ^
/var/local/thirdparty/installed/include/boost/preprocessor/cat.hpp:29:34: note: expanded from macro 'BOOST_PP_CAT_I'
   29 | #    define BOOST_PP_CAT_I(a, b) a ## b
      |                                  ^
<scratch space>:192:1: note: expanded from here
  192 | BOOST_PP_REPEAT_FROM_TO_1
      | ^
/home/xujia/starrocks/be/src/util/bit_packing.h:39:57: note: in instantiation of function template specialization 'starrocks::util::bitpacking_default::UnpackValues<short>' requested here
   39 |             return starrocks::util::bitpacking_default::UnpackValues(bit_width, in, in_bytes, num_values, out);
      |                                                         ^
/home/xujia/starrocks/be/src/util/bit_stream_utils.inline.h:188:32: note: in instantiation of function template specialization 'starrocks::BitPacking::UnpackValues<short>' requested here
  188 |         auto ret = BitPacking::UnpackValues(num_bits, buffer_ + byte_offset_, max_bytes_ - byte_offset_,
      |                                ^
/home/xujia/starrocks/be/src/util/rle_encoding.h:436:44: note: in instantiation of function template specialization 'starrocks::BitReader::GetBatch<short>' requested here
  436 |             if (PREDICT_FALSE(!bit_reader_.GetBatch(bit_width_, vals, read_this_time))) {
      |                                            ^
/home/xujia/starrocks/be/src/formats/parquet/level_codec.h:118:45: note: in instantiation of member function 'starrocks::RleDecoder<short>::GetBatch' requested here
  118 |             if (PREDICT_FALSE(!_rle_decoder.GetBatch(levels, n))) {
      |                                             ^
In file included from /home/xujia/starrocks/be/src/formats/parquet/group_reader.cpp:33:
In file included from /home/xujia/starrocks/be/src/formats/parquet/scalar_column_reader.h:19:
In file included from /home/xujia/starrocks/be/src/formats/parquet/stored_column_reader.h:27:
In file included from /home/xujia/starrocks/be/src/formats/parquet/column_chunk_reader.h:30:
In file included from /home/xujia/starrocks/be/src/formats/parquet/level_codec.h:28:
In file included from /home/xujia/starrocks/be/src/util/rle_encoding.h:39:
In file included from /home/xujia/starrocks/be/src/util/bit_stream_utils.inline.h:42:
In file included from /home/xujia/starrocks/be/src/util/bit_packing.h:18:
In file included from /home/xujia/starrocks/be/src/util/bit_packing_avx2.h:23:
/home/xujia/starrocks/be/src/util/bit_packing_default.h:122:60: error: shift count >= width of type [-Werror,-Wshift-count-overflow]
  122 |     constexpr uint64_t mask = BIT_WIDTH == 64 ? ~0L : (1UL << BIT_WIDTH) - 1;
      |                                                            ^  ~~~~~~~~~
/home/xujia/starrocks/be/src/util/bit_packing_default.h:166:36: note: in instantiation of function template specialization 'starrocks::util::bitpacking_default::UnpackValue<64, 2, true>' requested here
  166 |     BOOST_PP_REPEAT_FROM_TO(0, 32, UNPACK_VALUE_CALL, ignore);
      |                                    ^
/var/local/thirdparty/installed/include/boost/preprocessor/repetition/repeat_from_to.hpp:35:34: note: expanded from macro 'BOOST_PP_REPEAT_FROM_TO'
   35 | # define BOOST_PP_REPEAT_FROM_TO BOOST_PP_CAT(BOOST_PP_REPEAT_FROM_TO_, BOOST_PP_AUTO_REC(BOOST_PP_REPEAT_P, 4))
      |                                  ^
/var/local/thirdparty/installed/include/boost/preprocessor/cat.hpp:22:32: note: expanded from macro 'BOOST_PP_CAT'
   22 | #    define BOOST_PP_CAT(a, b) BOOST_PP_CAT_I(a, b)
      |                                ^
/var/local/thirdparty/installed/include/boost/preprocessor/cat.hpp:29:34: note: expanded from macro 'BOOST_PP_CAT_I'
   29 | #    define BOOST_PP_CAT_I(a, b) a ## b
      |                                  ^
<scratch space>:273:1: note: expanded from here
  273 | BOOST_PP_REPEAT_FROM_TO_1
      | ^
/home/xujia/starrocks/be/src/util/bit_packing_default.h:225:18: note: in instantiation of function template specialization 'starrocks::util::bitpacking_default::Unpack32Values<short, 64>' requested here
  225 |         in_pos = Unpack32Values<OutType, BIT_WIDTH>(in_pos, in_bytes, out_pos);
      |                  ^
/home/xujia/starrocks/be/src/util/bit_packing_default.h:258:40: note: in instantiation of function template specialization 'starrocks::util::bitpacking_default::UnpackValues<short, 64>' requested here
  258 |         BOOST_PP_REPEAT_FROM_TO(0, 65, UNPACK_VALUES_CASE, ignore);
      |                                        ^
/var/local/thirdparty/installed/include/boost/preprocessor/repetition/repeat_from_to.hpp:35:34: note: expanded from macro 'BOOST_PP_REPEAT_FROM_TO'
   35 | # define BOOST_PP_REPEAT_FROM_TO BOOST_PP_CAT(BOOST_PP_REPEAT_FROM_TO_, BOOST_PP_AUTO_REC(BOOST_PP_REPEAT_P, 4))
      |                                  ^
/var/local/thirdparty/installed/include/boost/preprocessor/cat.hpp:22:32: note: expanded from macro 'BOOST_PP_CAT'
   22 | #    define BOOST_PP_CAT(a, b) BOOST_PP_CAT_I(a, b)
      |                                ^
/var/local/thirdparty/installed/include/boost/preprocessor/cat.hpp:29:34: note: expanded from macro 'BOOST_PP_CAT_I'
   29 | #    define BOOST_PP_CAT_I(a, b) a ## b
      |                                  ^
<scratch space>:192:1: note: expanded from here
  192 | BOOST_PP_REPEAT_FROM_TO_1
      | ^
/home/xujia/starrocks/be/src/util/bit_packing.h:39:57: note: in instantiation of function template specialization 'starrocks::util::bitpacking_default::UnpackValues<short>' requested here
   39 |             return starrocks::util::bitpacking_default::UnpackValues(bit_width, in, in_bytes, num_values, out);
      |                                                         ^
/home/xujia/starrocks/be/src/util/bit_stream_utils.inline.h:188:32: note: in instantiation of function template specialization 'starrocks::BitPacking::UnpackValues<short>' requested here
  188 |         auto ret = BitPacking::UnpackValues(num_bits, buffer_ + byte_offset_, max_bytes_ - byte_offset_,
      |                                ^
/home/xujia/starrocks/be/src/util/rle_encoding.h:436:44: note: in instantiation of function template specialization 'starrocks::BitReader::GetBatch<short>' requested here
  436 |             if (PREDICT_FALSE(!bit_reader_.GetBatch(bit_width_, vals, read_this_time))) {
      |                                            ^
/home/xujia/starrocks/be/src/formats/parquet/level_codec.h:118:45: note: in instantiation of member function 'starrocks::RleDecoder<short>::GetBatch' requested here
  118 |             if (PREDICT_FALSE(!_rle_decoder.GetBatch(levels, n))) {
      |                                             ^
In file included from /home/xujia/starrocks/be/src/formats/parquet/group_reader.cpp:33:
In file included from /home/xujia/starrocks/be/src/formats/parquet/scalar_column_reader.h:19:
In file included from /home/xujia/starrocks/be/src/formats/parquet/stored_column_reader.h:27:
In file included from /home/xujia/starrocks/be/src/formats/parquet/column_chunk_reader.h:30:
In file included from /home/xujia/starrocks/be/src/formats/parquet/level_codec.h:28:
In file included from /home/xujia/starrocks/be/src/util/rle_encoding.h:39:
In file included from /home/xujia/starrocks/be/src/util/bit_stream_utils.inline.h:42:
In file included from /home/xujia/starrocks/be/src/util/bit_packing.h:18:
In file included from /home/xujia/starrocks/be/src/util/bit_packing_avx2.h:23:
/home/xujia/starrocks/be/src/util/bit_packing_default.h:122:60: error: shift count >= width of type [-Werror,-Wshift-count-overflow]
  122 |     constexpr uint64_t mask = BIT_WIDTH == 64 ? ~0L : (1UL << BIT_WIDTH) - 1;
      |                                                            ^  ~~~~~~~~~
/home/xujia/starrocks/be/src/util/bit_packing_default.h:166:36: note: in instantiation of function template specialization 'starrocks::util::bitpacking_default::UnpackValue<64, 3, true>' requested here
  166 |     BOOST_PP_REPEAT_FROM_TO(0, 32, UNPACK_VALUE_CALL, ignore);
      |                                    ^
/var/local/thirdparty/installed/include/boost/preprocessor/repetition/repeat_from_to.hpp:35:34: note: expanded from macro 'BOOST_PP_REPEAT_FROM_TO'
   35 | # define BOOST_PP_REPEAT_FROM_TO BOOST_PP_CAT(BOOST_PP_REPEAT_FROM_TO_, BOOST_PP_AUTO_REC(BOOST_PP_REPEAT_P, 4))
      |                                  ^
/var/local/thirdparty/installed/include/boost/preprocessor/cat.hpp:22:32: note: expanded from macro 'BOOST_PP_CAT'
   22 | #    define BOOST_PP_CAT(a, b) BOOST_PP_CAT_I(a, b)
      |                                ^
/var/local/thirdparty/installed/include/boost/preprocessor/cat.hpp:29:34: note: expanded from macro 'BOOST_PP_CAT_I'
   29 | #    define BOOST_PP_CAT_I(a, b) a ## b
      |                                  ^
<scratch space>:273:1: note: expanded from here
  273 | BOOST_PP_REPEAT_FROM_TO_1
      | ^
/home/xujia/starrocks/be/src/util/bit_packing_default.h:225:18: note: in instantiation of function template specialization 'starrocks::util::bitpacking_default::Unpack32Values<short, 64>' requested here
  225 |         in_pos = Unpack32Values<OutType, BIT_WIDTH>(in_pos, in_bytes, out_pos);
      |                  ^
/home/xujia/starrocks/be/src/util/bit_packing_default.h:258:40: note: in instantiation of function template specialization 'starrocks::util::bitpacking_default::UnpackValues<short, 64>' requested here
  258 |         BOOST_PP_REPEAT_FROM_TO(0, 65, UNPACK_VALUES_CASE, ignore);
      |                                        ^
/var/local/thirdparty/installed/include/boost/preprocessor/repetition/repeat_from_to.hpp:35:34: note: expanded from macro 'BOOST_PP_REPEAT_FROM_TO'
   35 | # define BOOST_PP_REPEAT_FROM_TO BOOST_PP_CAT(BOOST_PP_REPEAT_FROM_TO_, BOOST_PP_AUTO_REC(BOOST_PP_REPEAT_P, 4))
      |                                  ^
/var/local/thirdparty/installed/include/boost/preprocessor/cat.hpp:22:32: note: expanded from macro 'BOOST_PP_CAT'
   22 | #    define BOOST_PP_CAT(a, b) BOOST_PP_CAT_I(a, b)
      |                                ^
/var/local/thirdparty/installed/include/boost/preprocessor/cat.hpp:29:34: note: expanded from macro 'BOOST_PP_CAT_I'
   29 | #    define BOOST_PP_CAT_I(a, b) a ## b
      |                                  ^
<scratch space>:192:1: note: expanded from here
  192 | BOOST_PP_REPEAT_FROM_TO_1
      | ^
/home/xujia/starrocks/be/src/util/bit_packing.h:39:57: note: in instantiation of function template specialization 'starrocks::util::bitpacking_default::UnpackValues<short>' requested here
   39 |             return starrocks::util::bitpacking_default::UnpackValues(bit_width, in, in_bytes, num_values, out);
      |                                                         ^
/home/xujia/starrocks/be/src/util/bit_stream_utils.inline.h:188:32: note: in instantiation of function template specialization 'starrocks::BitPacking::UnpackValues<short>' requested here
  188 |         auto ret = BitPacking::UnpackValues(num_bits, buffer_ + byte_offset_, max_bytes_ - byte_offset_,
      |                                ^
/home/xujia/starrocks/be/src/util/rle_encoding.h:436:44: note: in instantiation of function template specialization 'starrocks::BitReader::GetBatch<short>' requested here
  436 |             if (PREDICT_FALSE(!bit_reader_.GetBatch(bit_width_, vals, read_this_time))) {
      |                                            ^
/home/xujia/starrocks/be/src/formats/parquet/level_codec.h:118:45: note: in instantiation of member function 'starrocks::RleDecoder<short>::GetBatch' requested here
  118 |             if (PREDICT_FALSE(!_rle_decoder.GetBatch(levels, n))) {
      |                                             ^
In file included from /home/xujia/starrocks/be/src/formats/parquet/group_reader.cpp:33:
In file included from /home/xujia/starrocks/be/src/formats/parquet/scalar_column_reader.h:19:
In file included from /home/xujia/starrocks/be/src/formats/parquet/stored_column_reader.h:27:
In file included from /home/xujia/starrocks/be/src/formats/parquet/column_chunk_reader.h:30:
In file included from /home/xujia/starrocks/be/src/formats/parquet/level_codec.h:28:
In file included from /home/xujia/starrocks/be/src/util/rle_encoding.h:39:
In file included from /home/xujia/starrocks/be/src/util/bit_stream_utils.inline.h:42:
In file included from /home/xujia/starrocks/be/src/util/bit_packing.h:18:
In file included from /home/xujia/starrocks/be/src/util/bit_packing_avx2.h:23:
/home/xujia/starrocks/be/src/util/bit_packing_default.h:122:60: error: shift count >= width of type [-Werror,-Wshift-count-overflow]
  122 |     constexpr uint64_t mask = BIT_WIDTH == 64 ? ~0L : (1UL << BIT_WIDTH) - 1;
      |                                                            ^  ~~~~~~~~~
/home/xujia/starrocks/be/src/util/bit_packing_default.h:166:36: note: in instantiation of function template specialization 'starrocks::util::bitpacking_default::UnpackValue<64, 4, true>' requested here
  166 |     BOOST_PP_REPEAT_FROM_TO(0, 32, UNPACK_VALUE_CALL, ignore);
      |                                    ^
/var/local/thirdparty/installed/include/boost/preprocessor/repetition/repeat_from_to.hpp:35:34: note: expanded from macro 'BOOST_PP_REPEAT_FROM_TO'
   35 | # define BOOST_PP_REPEAT_FROM_TO BOOST_PP_CAT(BOOST_PP_REPEAT_FROM_TO_, BOOST_PP_AUTO_REC(BOOST_PP_REPEAT_P, 4))
      |                                  ^
/var/local/thirdparty/installed/include/boost/preprocessor/cat.hpp:22:32: note: expanded from macro 'BOOST_PP_CAT'
   22 | #    define BOOST_PP_CAT(a, b) BOOST_PP_CAT_I(a, b)
      |                                ^
/var/local/thirdparty/installed/include/boost/preprocessor/cat.hpp:29:34: note: expanded from macro 'BOOST_PP_CAT_I'
   29 | #    define BOOST_PP_CAT_I(a, b) a ## b
      |                                  ^
<scratch space>:273:1: note: expanded from here
  273 | BOOST_PP_REPEAT_FROM_TO_1
      | ^
/home/xujia/starrocks/be/src/util/bit_packing_default.h:225:18: note: in instantiation of function template specialization 'starrocks::util::bitpacking_default::Unpack32Values<short, 64>' requested here
  225 |         in_pos = Unpack32Values<OutType, BIT_WIDTH>(in_pos, in_bytes, out_pos);
      |                  ^
/home/xujia/starrocks/be/src/util/bit_packing_default.h:258:40: note: in instantiation of function template specialization 'starrocks::util::bitpacking_default::UnpackValues<short, 64>' requested here
  258 |         BOOST_PP_REPEAT_FROM_TO(0, 65, UNPACK_VALUES_CASE, ignore);
      |                                        ^
/var/local/thirdparty/installed/include/boost/preprocessor/repetition/repeat_from_to.hpp:35:34: note: expanded from macro 'BOOST_PP_REPEAT_FROM_TO'
   35 | # define BOOST_PP_REPEAT_FROM_TO BOOST_PP_CAT(BOOST_PP_REPEAT_FROM_TO_, BOOST_PP_AUTO_REC(BOOST_PP_REPEAT_P, 4))
      |                                  ^
/var/local/thirdparty/installed/include/boost/preprocessor/cat.hpp:22:32: note: expanded from macro 'BOOST_PP_CAT'
   22 | #    define BOOST_PP_CAT(a, b) BOOST_PP_CAT_I(a, b)
      |                                ^
/var/local/thirdparty/installed/include/boost/preprocessor/cat.hpp:29:34: note: expanded from macro 'BOOST_PP_CAT_I'
   29 | #    define BOOST_PP_CAT_I(a, b) a ## b
      |                                  ^
<scratch space>:192:1: note: expanded from here
  192 | BOOST_PP_REPEAT_FROM_TO_1
      | ^
/home/xujia/starrocks/be/src/util/bit_packing.h:39:57: note: in instantiation of function template specialization 'starrocks::util::bitpacking_default::UnpackValues<short>' requested here
   39 |             return starrocks::util::bitpacking_default::UnpackValues(bit_width, in, in_bytes, num_values, out);
      |                                                         ^
/home/xujia/starrocks/be/src/util/bit_stream_utils.inline.h:188:32: note: in instantiation of function template specialization 'starrocks::BitPacking::UnpackValues<short>' requested here
  188 |         auto ret = BitPacking::UnpackValues(num_bits, buffer_ + byte_offset_, max_bytes_ - byte_offset_,
      |                                ^
/home/xujia/starrocks/be/src/util/rle_encoding.h:436:44: note: in instantiation of function template specialization 'starrocks::BitReader::GetBatch<short>' requested here
  436 |             if (PREDICT_FALSE(!bit_reader_.GetBatch(bit_width_, vals, read_this_time))) {
      |                                            ^
/home/xujia/starrocks/be/src/formats/parquet/level_codec.h:118:45: note: in instantiation of member function 'starrocks::RleDecoder<short>::GetBatch' requested here
  118 |             if (PREDICT_FALSE(!_rle_decoder.GetBatch(levels, n))) {
      |                                             ^
In file included from /home/xujia/starrocks/be/src/formats/parquet/group_reader.cpp:33:
In file included from /home/xujia/starrocks/be/src/formats/parquet/scalar_column_reader.h:19:
In file included from /home/xujia/starrocks/be/src/formats/parquet/stored_column_reader.h:27:
In file included from /home/xujia/starrocks/be/src/formats/parquet/column_chunk_reader.h:30:
In file included from /home/xujia/starrocks/be/src/formats/parquet/level_codec.h:28:
In file included from /home/xujia/starrocks/be/src/util/rle_encoding.h:39:
In file included from /home/xujia/starrocks/be/src/util/bit_stream_utils.inline.h:42:
In file included from /home/xujia/starrocks/be/src/util/bit_packing.h:18:
In file included from /home/xujia/starrocks/be/src/util/bit_packing_avx2.h:23:
/home/xujia/starrocks/be/src/util/bit_packing_default.h:122:60: error: shift count >= width of type [-Werror,-Wshift-count-overflow]
  122 |     constexpr uint64_t mask = BIT_WIDTH == 64 ? ~0L : (1UL << BIT_WIDTH) - 1;
      |                                                            ^  ~~~~~~~~~
/home/xujia/starrocks/be/src/util/bit_packing_default.h:166:36: note: in instantiation of function template specialization 'starrocks::util::bitpacking_default::UnpackValue<64, 5, true>' requested here
  166 |     BOOST_PP_REPEAT_FROM_TO(0, 32, UNPACK_VALUE_CALL, ignore);
      |                                    ^
/var/local/thirdparty/installed/include/boost/preprocessor/repetition/repeat_from_to.hpp:35:34: note: expanded from macro 'BOOST_PP_REPEAT_FROM_TO'
   35 | # define BOOST_PP_REPEAT_FROM_TO BOOST_PP_CAT(BOOST_PP_REPEAT_FROM_TO_, BOOST_PP_AUTO_REC(BOOST_PP_REPEAT_P, 4))
      |                                  ^
/var/local/thirdparty/installed/include/boost/preprocessor/cat.hpp:22:32: note: expanded from macro 'BOOST_PP_CAT'
   22 | #    define BOOST_PP_CAT(a, b) BOOST_PP_CAT_I(a, b)
      |                                ^
/var/local/thirdparty/installed/include/boost/preprocessor/cat.hpp:29:34: note: expanded from macro 'BOOST_PP_CAT_I'
   29 | #    define BOOST_PP_CAT_I(a, b) a ## b
      |                                  ^
<scratch space>:273:1: note: expanded from here
  273 | BOOST_PP_REPEAT_FROM_TO_1
      | ^
/home/xujia/starrocks/be/src/util/bit_packing_default.h:225:18: note: in instantiation of function template specialization 'starrocks::util::bitpacking_default::Unpack32Values<short, 64>' requested here
  225 |         in_pos = Unpack32Values<OutType, BIT_WIDTH>(in_pos, in_bytes, out_pos);
      |                  ^
/home/xujia/starrocks/be/src/util/bit_packing_default.h:258:40: note: in instantiation of function template specialization 'starrocks::util::bitpacking_default::UnpackValues<short, 64>' requested here
  258 |         BOOST_PP_REPEAT_FROM_TO(0, 65, UNPACK_VALUES_CASE, ignore);
      |                                        ^
/var/local/thirdparty/installed/include/boost/preprocessor/repetition/repeat_from_to.hpp:35:34: note: expanded from macro 'BOOST_PP_REPEAT_FROM_TO'
   35 | # define BOOST_PP_REPEAT_FROM_TO BOOST_PP_CAT(BOOST_PP_REPEAT_FROM_TO_, BOOST_PP_AUTO_REC(BOOST_PP_REPEAT_P, 4))
      |                                  ^
/var/local/thirdparty/installed/include/boost/preprocessor/cat.hpp:22:32: note: expanded from macro 'BOOST_PP_CAT'
   22 | #    define BOOST_PP_CAT(a, b) BOOST_PP_CAT_I(a, b)
      |                                ^
/var/local/thirdparty/installed/include/boost/preprocessor/cat.hpp:29:34: note: expanded from macro 'BOOST_PP_CAT_I'
   29 | #    define BOOST_PP_CAT_I(a, b) a ## b
      |                                  ^
<scratch space>:192:1: note: expanded from here
  192 | BOOST_PP_REPEAT_FROM_TO_1
      | ^
/home/xujia/starrocks/be/src/util/bit_packing.h:39:57: note: in instantiation of function template specialization 'starrocks::util::bitpacking_default::UnpackValues<short>' requested here
   39 |             return starrocks::util::bitpacking_default::UnpackValues(bit_width, in, in_bytes, num_values, out);
      |                                                         ^
/home/xujia/starrocks/be/src/util/bit_stream_utils.inline.h:188:32: note: in instantiation of function template specialization 'starrocks::BitPacking::UnpackValues<short>' requested here
  188 |         auto ret = BitPacking::UnpackValues(num_bits, buffer_ + byte_offset_, max_bytes_ - byte_offset_,
      |                                ^
/home/xujia/starrocks/be/src/util/rle_encoding.h:436:44: note: in instantiation of function template specialization 'starrocks::BitReader::GetBatch<short>' requested here
  436 |             if (PREDICT_FALSE(!bit_reader_.GetBatch(bit_width_, vals, read_this_time))) {
      |                                            ^
/home/xujia/starrocks/be/src/formats/parquet/level_codec.h:118:45: note: in instantiation of member function 'starrocks::RleDecoder<short>::GetBatch' requested here
  118 |             if (PREDICT_FALSE(!_rle_decoder.GetBatch(levels, n))) {
      |                                             ^
In file included from /home/xujia/starrocks/be/src/formats/parquet/group_reader.cpp:33:
In file included from /home/xujia/starrocks/be/src/formats/parquet/scalar_column_reader.h:19:
In file included from /home/xujia/starrocks/be/src/formats/parquet/stored_column_reader.h:27:
In file included from /home/xujia/starrocks/be/src/formats/parquet/column_chunk_reader.h:30:
In file included from /home/xujia/starrocks/be/src/formats/parquet/level_codec.h:28:
In file included from /home/xujia/starrocks/be/src/util/rle_encoding.h:39:
In file included from /home/xujia/starrocks/be/src/util/bit_stream_utils.inline.h:42:
In file included from /home/xujia/starrocks/be/src/util/bit_packing.h:18:
In file included from /home/xujia/starrocks/be/src/util/bit_packing_avx2.h:23:
/home/xujia/starrocks/be/src/util/bit_packing_default.h:122:60: error: shift count >= width of type [-Werror,-Wshift-count-overflow]
  122 |     constexpr uint64_t mask = BIT_WIDTH == 64 ? ~0L : (1UL << BIT_WIDTH) - 1;
      |                                                            ^  ~~~~~~~~~
/home/xujia/starrocks/be/src/util/bit_packing_default.h:166:36: note: in instantiation of function template specialization 'starrocks::util::bitpacking_default::UnpackValue<64, 6, true>' requested here
  166 |     BOOST_PP_REPEAT_FROM_TO(0, 32, UNPACK_VALUE_CALL, ignore);
      |                                    ^
/var/local/thirdparty/installed/include/boost/preprocessor/repetition/repeat_from_to.hpp:35:34: note: expanded from macro 'BOOST_PP_REPEAT_FROM_TO'
   35 | # define BOOST_PP_REPEAT_FROM_TO BOOST_PP_CAT(BOOST_PP_REPEAT_FROM_TO_, BOOST_PP_AUTO_REC(BOOST_PP_REPEAT_P, 4))
      |                                  ^
/var/local/thirdparty/installed/include/boost/preprocessor/cat.hpp:22:32: note: expanded from macro 'BOOST_PP_CAT'
   22 | #    define BOOST_PP_CAT(a, b) BOOST_PP_CAT_I(a, b)
      |                                ^
/var/local/thirdparty/installed/include/boost/preprocessor/cat.hpp:29:34: note: expanded from macro 'BOOST_PP_CAT_I'
   29 | #    define BOOST_PP_CAT_I(a, b) a ## b
      |                                  ^
<scratch space>:273:1: note: expanded from here
  273 | BOOST_PP_REPEAT_FROM_TO_1
      | ^
/home/xujia/starrocks/be/src/util/bit_packing_default.h:225:18: note: in instantiation of function template specialization 'starrocks::util::bitpacking_default::Unpack32Values<short, 64>' requested here
  225 |         in_pos = Unpack32Values<OutType, BIT_WIDTH>(in_pos, in_bytes, out_pos);
      |                  ^
/home/xujia/starrocks/be/src/util/bit_packing_default.h:258:40: note: in instantiation of function template specialization 'starrocks::util::bitpacking_default::UnpackValues<short, 64>' requested here
  258 |         BOOST_PP_REPEAT_FROM_TO(0, 65, UNPACK_VALUES_CASE, ignore);
      |                                        ^
/var/local/thirdparty/installed/include/boost/preprocessor/repetition/repeat_from_to.hpp:35:34: note: expanded from macro 'BOOST_PP_REPEAT_FROM_TO'
   35 | # define BOOST_PP_REPEAT_FROM_TO BOOST_PP_CAT(BOOST_PP_REPEAT_FROM_TO_, BOOST_PP_AUTO_REC(BOOST_PP_REPEAT_P, 4))
      |                                  ^
/var/local/thirdparty/installed/include/boost/preprocessor/cat.hpp:22:32: note: expanded from macro 'BOOST_PP_CAT'
   22 | #    define BOOST_PP_CAT(a, b) BOOST_PP_CAT_I(a, b)
      |                                ^
/var/local/thirdparty/installed/include/boost/preprocessor/cat.hpp:29:34: note: expanded from macro 'BOOST_PP_CAT_I'
   29 | #    define BOOST_PP_CAT_I(a, b) a ## b
      |                                  ^
<scratch space>:192:1: note: expanded from here
  192 | BOOST_PP_REPEAT_FROM_TO_1
      | ^
/home/xujia/starrocks/be/src/util/bit_packing.h:39:57: note: in instantiation of function template specialization 'starrocks::util::bitpacking_default::UnpackValues<short>' requested here
   39 |             return starrocks::util::bitpacking_default::UnpackValues(bit_width, in, in_bytes, num_values, out);
      |                                                         ^
/home/xujia/starrocks/be/src/util/bit_stream_utils.inline.h:188:32: note: in instantiation of function template specialization 'starrocks::BitPacking::UnpackValues<short>' requested here
  188 |         auto ret = BitPacking::UnpackValues(num_bits, buffer_ + byte_offset_, max_bytes_ - byte_offset_,
      |                                ^
/home/xujia/starrocks/be/src/util/rle_encoding.h:436:44: note: in instantiation of function template specialization 'starrocks::BitReader::GetBatch<short>' requested here
  436 |             if (PREDICT_FALSE(!bit_reader_.GetBatch(bit_width_, vals, read_this_time))) {
      |                                            ^
/home/xujia/starrocks/be/src/formats/parquet/level_codec.h:118:45: note: in instantiation of member function 'starrocks::RleDecoder<short>::GetBatch' requested here
  118 |             if (PREDICT_FALSE(!_rle_decoder.GetBatch(levels, n))) {
      |                                             ^
In file included from /home/xujia/starrocks/be/src/formats/parquet/group_reader.cpp:33:
In file included from /home/xujia/starrocks/be/src/formats/parquet/scalar_column_reader.h:19:
In file included from /home/xujia/starrocks/be/src/formats/parquet/stored_column_reader.h:27:
In file included from /home/xujia/starrocks/be/src/formats/parquet/column_chunk_reader.h:30:
In file included from /home/xujia/starrocks/be/src/formats/parquet/level_codec.h:28:
In file included from /home/xujia/starrocks/be/src/util/rle_encoding.h:39:
In file included from /home/xujia/starrocks/be/src/util/bit_stream_utils.inline.h:42:
In file included from /home/xujia/starrocks/be/src/util/bit_packing.h:18:
In file included from /home/xujia/starrocks/be/src/util/bit_packing_avx2.h:23:
/home/xujia/starrocks/be/src/util/bit_packing_default.h:122:60: error: shift count >= width of type [-Werror,-Wshift-count-overflow]
  122 |     constexpr uint64_t mask = BIT_WIDTH == 64 ? ~0L : (1UL << BIT_WIDTH) - 1;
      |                                                            ^  ~~~~~~~~~
/home/xujia/starrocks/be/src/util/bit_packing_default.h:166:36: note: in instantiation of function template specialization 'starrocks::util::bitpacking_default::UnpackValue<64, 7, true>' requested here
  166 |     BOOST_PP_REPEAT_FROM_TO(0, 32, UNPACK_VALUE_CALL, ignore);
      |                                    ^
/var/local/thirdparty/installed/include/boost/preprocessor/repetition/repeat_from_to.hpp:35:34: note: expanded from macro 'BOOST_PP_REPEAT_FROM_TO'
   35 | # define BOOST_PP_REPEAT_FROM_TO BOOST_PP_CAT(BOOST_PP_REPEAT_FROM_TO_, BOOST_PP_AUTO_REC(BOOST_PP_REPEAT_P, 4))
      |                                  ^
/var/local/thirdparty/installed/include/boost/preprocessor/cat.hpp:22:32: note: expanded from macro 'BOOST_PP_CAT'
   22 | #    define BOOST_PP_CAT(a, b) BOOST_PP_CAT_I(a, b)
      |                                ^
/var/local/thirdparty/installed/include/boost/preprocessor/cat.hpp:29:34: note: expanded from macro 'BOOST_PP_CAT_I'
   29 | #    define BOOST_PP_CAT_I(a, b) a ## b
      |                                  ^
<scratch space>:273:1: note: expanded from here
  273 | BOOST_PP_REPEAT_FROM_TO_1
      | ^
/home/xujia/starrocks/be/src/util/bit_packing_default.h:225:18: note: in instantiation of function template specialization 'starrocks::util::bitpacking_default::Unpack32Values<short, 64>' requested here
  225 |         in_pos = Unpack32Values<OutType, BIT_WIDTH>(in_pos, in_bytes, out_pos);
      |                  ^
/home/xujia/starrocks/be/src/util/bit_packing_default.h:258:40: note: in instantiation of function template specialization 'starrocks::util::bitpacking_default::UnpackValues<short, 64>' requested here
  258 |         BOOST_PP_REPEAT_FROM_TO(0, 65, UNPACK_VALUES_CASE, ignore);
      |                                        ^
/var/local/thirdparty/installed/include/boost/preprocessor/repetition/repeat_from_to.hpp:35:34: note: expanded from macro 'BOOST_PP_REPEAT_FROM_TO'
   35 | # define BOOST_PP_REPEAT_FROM_TO BOOST_PP_CAT(BOOST_PP_REPEAT_FROM_TO_, BOOST_PP_AUTO_REC(BOOST_PP_REPEAT_P, 4))
      |                                  ^
/var/local/thirdparty/installed/include/boost/preprocessor/cat.hpp:22:32: note: expanded from macro 'BOOST_PP_CAT'
   22 | #    define BOOST_PP_CAT(a, b) BOOST_PP_CAT_I(a, b)
      |                                ^
/var/local/thirdparty/installed/include/boost/preprocessor/cat.hpp:29:34: note: expanded from macro 'BOOST_PP_CAT_I'
   29 | #    define BOOST_PP_CAT_I(a, b) a ## b
      |                                  ^
<scratch space>:192:1: note: expanded from here
  192 | BOOST_PP_REPEAT_FROM_TO_1
      | ^
/home/xujia/starrocks/be/src/util/bit_packing.h:39:57: note: in instantiation of function template specialization 'starrocks::util::bitpacking_default::UnpackValues<short>' requested here
   39 |             return starrocks::util::bitpacking_default::UnpackValues(bit_width, in, in_bytes, num_values, out);
      |                                                         ^
/home/xujia/starrocks/be/src/util/bit_stream_utils.inline.h:188:32: note: in instantiation of function template specialization 'starrocks::BitPacking::UnpackValues<short>' requested here
  188 |         auto ret = BitPacking::UnpackValues(num_bits, buffer_ + byte_offset_, max_bytes_ - byte_offset_,
      |                                ^
/home/xujia/starrocks/be/src/util/rle_encoding.h:436:44: note: in instantiation of function template specialization 'starrocks::BitReader::GetBatch<short>' requested here
  436 |             if (PREDICT_FALSE(!bit_reader_.GetBatch(bit_width_, vals, read_this_time))) {
      |                                            ^
/home/xujia/starrocks/be/src/formats/parquet/level_codec.h:118:45: note: in instantiation of member function 'starrocks::RleDecoder<short>::GetBatch' requested here
  118 |             if (PREDICT_FALSE(!_rle_decoder.GetBatch(levels, n))) {
      |                                             ^
In file included from /home/xujia/starrocks/be/src/formats/parquet/group_reader.cpp:33:
In file included from /home/xujia/starrocks/be/src/formats/parquet/scalar_column_reader.h:19:
In file included from /home/xujia/starrocks/be/src/formats/parquet/stored_column_reader.h:27:
In file included from /home/xujia/starrocks/be/src/formats/parquet/column_chunk_reader.h:30:
In file included from /home/xujia/starrocks/be/src/formats/parquet/level_codec.h:28:
In file included from /home/xujia/starrocks/be/src/util/rle_encoding.h:39:
In file included from /home/xujia/starrocks/be/src/util/bit_stream_utils.inline.h:42:
In file included from /home/xujia/starrocks/be/src/util/bit_packing.h:18:
In file included from /home/xujia/starrocks/be/src/util/bit_packing_avx2.h:23:
/home/xujia/starrocks/be/src/util/bit_packing_default.h:122:60: error: shift count >= width of type [-Werror,-Wshift-count-overflow]
  122 |     constexpr uint64_t mask = BIT_WIDTH == 64 ? ~0L : (1UL << BIT_WIDTH) - 1;
      |                                                            ^  ~~~~~~~~~
/home/xujia/starrocks/be/src/util/bit_packing_default.h:166:36: note: in instantiation of function template specialization 'starrocks::util::bitpacking_default::UnpackValue<64, 8, true>' requested here
  166 |     BOOST_PP_REPEAT_FROM_TO(0, 32, UNPACK_VALUE_CALL, ignore);
      |                                    ^
/var/local/thirdparty/installed/include/boost/preprocessor/repetition/repeat_from_to.hpp:35:34: note: expanded from macro 'BOOST_PP_REPEAT_FROM_TO'
   35 | # define BOOST_PP_REPEAT_FROM_TO BOOST_PP_CAT(BOOST_PP_REPEAT_FROM_TO_, BOOST_PP_AUTO_REC(BOOST_PP_REPEAT_P, 4))
      |                                  ^
/var/local/thirdparty/installed/include/boost/preprocessor/cat.hpp:22:32: note: expanded from macro 'BOOST_PP_CAT'
   22 | #    define BOOST_PP_CAT(a, b) BOOST_PP_CAT_I(a, b)
      |                                ^
/var/local/thirdparty/installed/include/boost/preprocessor/cat.hpp:29:34: note: expanded from macro 'BOOST_PP_CAT_I'
   29 | #    define BOOST_PP_CAT_I(a, b) a ## b
      |                                  ^
<scratch space>:273:1: note: expanded from here
  273 | BOOST_PP_REPEAT_FROM_TO_1
      | ^
/home/xujia/starrocks/be/src/util/bit_packing_default.h:225:18: note: in instantiation of function template specialization 'starrocks::util::bitpacking_default::Unpack32Values<short, 64>' requested here
  225 |         in_pos = Unpack32Values<OutType, BIT_WIDTH>(in_pos, in_bytes, out_pos);
      |                  ^
/home/xujia/starrocks/be/src/util/bit_packing_default.h:258:40: note: in instantiation of function template specialization 'starrocks::util::bitpacking_default::UnpackValues<short, 64>' requested here
  258 |         BOOST_PP_REPEAT_FROM_TO(0, 65, UNPACK_VALUES_CASE, ignore);
      |                                        ^
/var/local/thirdparty/installed/include/boost/preprocessor/repetition/repeat_from_to.hpp:35:34: note: expanded from macro 'BOOST_PP_REPEAT_FROM_TO'
   35 | # define BOOST_PP_REPEAT_FROM_TO BOOST_PP_CAT(BOOST_PP_REPEAT_FROM_TO_, BOOST_PP_AUTO_REC(BOOST_PP_REPEAT_P, 4))
      |                                  ^
/var/local/thirdparty/installed/include/boost/preprocessor/cat.hpp:22:32: note: expanded from macro 'BOOST_PP_CAT'
   22 | #    define BOOST_PP_CAT(a, b) BOOST_PP_CAT_I(a, b)
      |                                ^
/var/local/thirdparty/installed/include/boost/preprocessor/cat.hpp:29:34: note: expanded from macro 'BOOST_PP_CAT_I'
   29 | #    define BOOST_PP_CAT_I(a, b) a ## b
      |                                  ^
<scratch space>:192:1: note: expanded from here
  192 | BOOST_PP_REPEAT_FROM_TO_1
      | ^
/home/xujia/starrocks/be/src/util/bit_packing.h:39:57: note: in instantiation of function template specialization 'starrocks::util::bitpacking_default::UnpackValues<short>' requested here
   39 |             return starrocks::util::bitpacking_default::UnpackValues(bit_width, in, in_bytes, num_values, out);
      |                                                         ^
/home/xujia/starrocks/be/src/util/bit_stream_utils.inline.h:188:32: note: in instantiation of function template specialization 'starrocks::BitPacking::UnpackValues<short>' requested here
  188 |         auto ret = BitPacking::UnpackValues(num_bits, buffer_ + byte_offset_, max_bytes_ - byte_offset_,
      |                                ^
/home/xujia/starrocks/be/src/util/rle_encoding.h:436:44: note: in instantiation of function template specialization 'starrocks::BitReader::GetBatch<short>' requested here
  436 |             if (PREDICT_FALSE(!bit_reader_.GetBatch(bit_width_, vals, read_this_time))) {
      |                                            ^
/home/xujia/starrocks/be/src/formats/parquet/level_codec.h:118:45: note: in instantiation of member function 'starrocks::RleDecoder<short>::GetBatch' requested here
  118 |             if (PREDICT_FALSE(!_rle_decoder.GetBatch(levels, n))) {
      |                                             ^
In file included from /home/xujia/starrocks/be/src/formats/parquet/group_reader.cpp:33:
In file included from /home/xujia/starrocks/be/src/formats/parquet/scalar_column_reader.h:19:
In file included from /home/xujia/starrocks/be/src/formats/parquet/stored_column_reader.h:27:
In file included from /home/xujia/starrocks/be/src/formats/parquet/column_chunk_reader.h:30:
In file included from /home/xujia/starrocks/be/src/formats/parquet/level_codec.h:28:
In file included from /home/xujia/starrocks/be/src/util/rle_encoding.h:39:
In file included from /home/xujia/starrocks/be/src/util/bit_stream_utils.inline.h:42:
In file included from /home/xujia/starrocks/be/src/util/bit_packing.h:18:
In file included from /home/xujia/starrocks/be/src/util/bit_packing_avx2.h:23:
/home/xujia/starrocks/be/src/util/bit_packing_default.h:122:60: error: shift count >= width of type [-Werror,-Wshift-count-overflow]
  122 |     constexpr uint64_t mask = BIT_WIDTH == 64 ? ~0L : (1UL << BIT_WIDTH) - 1;
      |                                                            ^  ~~~~~~~~~
/home/xujia/starrocks/be/src/util/bit_packing_default.h:166:36: note: in instantiation of function template specialization 'starrocks::util::bitpacking_default::UnpackValue<64, 9, true>' requested here
  166 |     BOOST_PP_REPEAT_FROM_TO(0, 32, UNPACK_VALUE_CALL, ignore);
      |                                    ^
/var/local/thirdparty/installed/include/boost/preprocessor/repetition/repeat_from_to.hpp:35:34: note: expanded from macro 'BOOST_PP_REPEAT_FROM_TO'
   35 | # define BOOST_PP_REPEAT_FROM_TO BOOST_PP_CAT(BOOST_PP_REPEAT_FROM_TO_, BOOST_PP_AUTO_REC(BOOST_PP_REPEAT_P, 4))
      |                                  ^
/var/local/thirdparty/installed/include/boost/preprocessor/cat.hpp:22:32: note: expanded from macro 'BOOST_PP_CAT'
   22 | #    define BOOST_PP_CAT(a, b) BOOST_PP_CAT_I(a, b)
      |                                ^
/var/local/thirdparty/installed/include/boost/preprocessor/cat.hpp:29:34: note: expanded from macro 'BOOST_PP_CAT_I'
   29 | #    define BOOST_PP_CAT_I(a, b) a ## b
      |                                  ^
<scratch space>:273:1: note: expanded from here
  273 | BOOST_PP_REPEAT_FROM_TO_1
      | ^
/home/xujia/starrocks/be/src/util/bit_packing_default.h:225:18: note: in instantiation of function template specialization 'starrocks::util::bitpacking_default::Unpack32Values<short, 64>' requested here
  225 |         in_pos = Unpack32Values<OutType, BIT_WIDTH>(in_pos, in_bytes, out_pos);
      |                  ^
/home/xujia/starrocks/be/src/util/bit_packing_default.h:258:40: note: in instantiation of function template specialization 'starrocks::util::bitpacking_default::UnpackValues<short, 64>' requested here
  258 |         BOOST_PP_REPEAT_FROM_TO(0, 65, UNPACK_VALUES_CASE, ignore);
      |                                        ^
/var/local/thirdparty/installed/include/boost/preprocessor/repetition/repeat_from_to.hpp:35:34: note: expanded from macro 'BOOST_PP_REPEAT_FROM_TO'
   35 | # define BOOST_PP_REPEAT_FROM_TO BOOST_PP_CAT(BOOST_PP_REPEAT_FROM_TO_, BOOST_PP_AUTO_REC(BOOST_PP_REPEAT_P, 4))
      |                                  ^
/var/local/thirdparty/installed/include/boost/preprocessor/cat.hpp:22:32: note: expanded from macro 'BOOST_PP_CAT'
   22 | #    define BOOST_PP_CAT(a, b) BOOST_PP_CAT_I(a, b)
      |                                ^
/var/local/thirdparty/installed/include/boost/preprocessor/cat.hpp:29:34: note: expanded from macro 'BOOST_PP_CAT_I'
   29 | #    define BOOST_PP_CAT_I(a, b) a ## b
      |                                  ^
<scratch space>:192:1: note: expanded from here
  192 | BOOST_PP_REPEAT_FROM_TO_1
      | ^
/home/xujia/starrocks/be/src/util/bit_packing.h:39:57: note: in instantiation of function template specialization 'starrocks::util::bitpacking_default::UnpackValues<short>' requested here
   39 |             return starrocks::util::bitpacking_default::UnpackValues(bit_width, in, in_bytes, num_values, out);
      |                                                         ^
/home/xujia/starrocks/be/src/util/bit_stream_utils.inline.h:188:32: note: in instantiation of function template specialization 'starrocks::BitPacking::UnpackValues<short>' requested here
  188 |         auto ret = BitPacking::UnpackValues(num_bits, buffer_ + byte_offset_, max_bytes_ - byte_offset_,
      |                                ^
/home/xujia/starrocks/be/src/util/rle_encoding.h:436:44: note: in instantiation of function template specialization 'starrocks::BitReader::GetBatch<short>' requested here
  436 |             if (PREDICT_FALSE(!bit_reader_.GetBatch(bit_width_, vals, read_this_time))) {
      |                                            ^
/home/xujia/starrocks/be/src/formats/parquet/level_codec.h:118:45: note: in instantiation of member function 'starrocks::RleDecoder<short>::GetBatch' requested here
  118 |             if (PREDICT_FALSE(!_rle_decoder.GetBatch(levels, n))) {
      |                                             ^
In file included from /home/xujia/starrocks/be/src/formats/parquet/group_reader.cpp:33:
In file included from /home/xujia/starrocks/be/src/formats/parquet/scalar_column_reader.h:19:
In file included from /home/xujia/starrocks/be/src/formats/parquet/stored_column_reader.h:27:
In file included from /home/xujia/starrocks/be/src/formats/parquet/column_chunk_reader.h:30:
In file included from /home/xujia/starrocks/be/src/formats/parquet/level_codec.h:28:
In file included from /home/xujia/starrocks/be/src/util/rle_encoding.h:39:
In file included from /home/xujia/starrocks/be/src/util/bit_stream_utils.inline.h:42:
In file included from /home/xujia/starrocks/be/src/util/bit_packing.h:18:
In file included from /home/xujia/starrocks/be/src/util/bit_packing_avx2.h:23:
/home/xujia/starrocks/be/src/util/bit_packing_default.h:122:60: error: shift count >= width of type [-Werror,-Wshift-count-overflow]
  122 |     constexpr uint64_t mask = BIT_WIDTH == 64 ? ~0L : (1UL << BIT_WIDTH) - 1;
      |                                                            ^  ~~~~~~~~~
/home/xujia/starrocks/be/src/util/bit_packing_default.h:166:36: note: in instantiation of function template specialization 'starrocks::util::bitpacking_default::UnpackValue<64, 10, true>' requested here
  166 |     BOOST_PP_REPEAT_FROM_TO(0, 32, UNPACK_VALUE_CALL, ignore);
      |                                    ^
/var/local/thirdparty/installed/include/boost/preprocessor/repetition/repeat_from_to.hpp:35:34: note: expanded from macro 'BOOST_PP_REPEAT_FROM_TO'
   35 | # define BOOST_PP_REPEAT_FROM_TO BOOST_PP_CAT(BOOST_PP_REPEAT_FROM_TO_, BOOST_PP_AUTO_REC(BOOST_PP_REPEAT_P, 4))
      |                                  ^
/var/local/thirdparty/installed/include/boost/preprocessor/cat.hpp:22:32: note: expanded from macro 'BOOST_PP_CAT'
   22 | #    define BOOST_PP_CAT(a, b) BOOST_PP_CAT_I(a, b)
      |                                ^
/var/local/thirdparty/installed/include/boost/preprocessor/cat.hpp:29:34: note: expanded from macro 'BOOST_PP_CAT_I'
   29 | #    define BOOST_PP_CAT_I(a, b) a ## b
      |                                  ^
<scratch space>:273:1: note: expanded from here
  273 | BOOST_PP_REPEAT_FROM_TO_1
      | ^
/home/xujia/starrocks/be/src/util/bit_packing_default.h:225:18: note: in instantiation of function template specialization 'starrocks::util::bitpacking_default::Unpack32Values<short, 64>' requested here
  225 |         in_pos = Unpack32Values<OutType, BIT_WIDTH>(in_pos, in_bytes, out_pos);
      |                  ^
/home/xujia/starrocks/be/src/util/bit_packing_default.h:258:40: note: in instantiation of function template specialization 'starrocks::util::bitpacking_default::UnpackValues<short, 64>' requested here
  258 |         BOOST_PP_REPEAT_FROM_TO(0, 65, UNPACK_VALUES_CASE, ignore);
      |                                        ^
/var/local/thirdparty/installed/include/boost/preprocessor/repetition/repeat_from_to.hpp:35:34: note: expanded from macro 'BOOST_PP_REPEAT_FROM_TO'
   35 | # define BOOST_PP_REPEAT_FROM_TO BOOST_PP_CAT(BOOST_PP_REPEAT_FROM_TO_, BOOST_PP_AUTO_REC(BOOST_PP_REPEAT_P, 4))
      |                                  ^
/var/local/thirdparty/installed/include/boost/preprocessor/cat.hpp:22:32: note: expanded from macro 'BOOST_PP_CAT'
   22 | #    define BOOST_PP_CAT(a, b) BOOST_PP_CAT_I(a, b)
      |                                ^
/var/local/thirdparty/installed/include/boost/preprocessor/cat.hpp:29:34: note: expanded from macro 'BOOST_PP_CAT_I'
   29 | #    define BOOST_PP_CAT_I(a, b) a ## b
      |                                  ^
<scratch space>:192:1: note: expanded from here
  192 | BOOST_PP_REPEAT_FROM_TO_1
      | ^
/home/xujia/starrocks/be/src/util/bit_packing.h:39:57: note: in instantiation of function template specialization 'starrocks::util::bitpacking_default::UnpackValues<short>' requested here
   39 |             return starrocks::util::bitpacking_default::UnpackValues(bit_width, in, in_bytes, num_values, out);
      |                                                         ^
/home/xujia/starrocks/be/src/util/bit_stream_utils.inline.h:188:32: note: in instantiation of function template specialization 'starrocks::BitPacking::UnpackValues<short>' requested here
  188 |         auto ret = BitPacking::UnpackValues(num_bits, buffer_ + byte_offset_, max_bytes_ - byte_offset_,
      |                                ^
/home/xujia/starrocks/be/src/util/rle_encoding.h:436:44: note: in instantiation of function template specialization 'starrocks::BitReader::GetBatch<short>' requested here
  436 |             if (PREDICT_FALSE(!bit_reader_.GetBatch(bit_width_, vals, read_this_time))) {
      |                                            ^
/home/xujia/starrocks/be/src/formats/parquet/level_codec.h:118:45: note: in instantiation of member function 'starrocks::RleDecoder<short>::GetBatch' requested here
  118 |             if (PREDICT_FALSE(!_rle_decoder.GetBatch(levels, n))) {
      |                                             ^
In file included from /home/xujia/starrocks/be/src/formats/parquet/group_reader.cpp:33:
In file included from /home/xujia/starrocks/be/src/formats/parquet/scalar_column_reader.h:19:
In file included from /home/xujia/starrocks/be/src/formats/parquet/stored_column_reader.h:27:
In file included from /home/xujia/starrocks/be/src/formats/parquet/column_chunk_reader.h:30:
In file included from /home/xujia/starrocks/be/src/formats/parquet/level_codec.h:28:
In file included from /home/xujia/starrocks/be/src/util/rle_encoding.h:39:
In file included from /home/xujia/starrocks/be/src/util/bit_stream_utils.inline.h:42:
In file included from /home/xujia/starrocks/be/src/util/bit_packing.h:18:
In file included from /home/xujia/starrocks/be/src/util/bit_packing_avx2.h:23:
/home/xujia/starrocks/be/src/util/bit_packing_default.h:122:60: error: shift count >= width of type [-Werror,-Wshift-count-overflow]
  122 |     constexpr uint64_t mask = BIT_WIDTH == 64 ? ~0L : (1UL << BIT_WIDTH) - 1;
      |                                                            ^  ~~~~~~~~~
/home/xujia/starrocks/be/src/util/bit_packing_default.h:166:36: note: in instantiation of function template specialization 'starrocks::util::bitpacking_default::UnpackValue<64, 11, true>' requested here
  166 |     BOOST_PP_REPEAT_FROM_TO(0, 32, UNPACK_VALUE_CALL, ignore);
      |                                    ^
/var/local/thirdparty/installed/include/boost/preprocessor/repetition/repeat_from_to.hpp:35:34: note: expanded from macro 'BOOST_PP_REPEAT_FROM_TO'
   35 | # define BOOST_PP_REPEAT_FROM_TO BOOST_PP_CAT(BOOST_PP_REPEAT_FROM_TO_, BOOST_PP_AUTO_REC(BOOST_PP_REPEAT_P, 4))
      |                                  ^
/var/local/thirdparty/installed/include/boost/preprocessor/cat.hpp:22:32: note: expanded from macro 'BOOST_PP_CAT'
   22 | #    define BOOST_PP_CAT(a, b) BOOST_PP_CAT_I(a, b)
      |                                ^
/var/local/thirdparty/installed/include/boost/preprocessor/cat.hpp:29:34: note: expanded from macro 'BOOST_PP_CAT_I'
   29 | #    define BOOST_PP_CAT_I(a, b) a ## b
      |                                  ^
<scratch space>:273:1: note: expanded from here
  273 | BOOST_PP_REPEAT_FROM_TO_1
      | ^
/home/xujia/starrocks/be/src/util/bit_packing_default.h:225:18: note: in instantiation of function template specialization 'starrocks::util::bitpacking_default::Unpack32Values<short, 64>' requested here
  225 |         in_pos = Unpack32Values<OutType, BIT_WIDTH>(in_pos, in_bytes, out_pos);
      |                  ^
/home/xujia/starrocks/be/src/util/bit_packing_default.h:258:40: note: in instantiation of function template specialization 'starrocks::util::bitpacking_default::UnpackValues<short, 64>' requested here
  258 |         BOOST_PP_REPEAT_FROM_TO(0, 65, UNPACK_VALUES_CASE, ignore);
      |                                        ^
/var/local/thirdparty/installed/include/boost/preprocessor/repetition/repeat_from_to.hpp:35:34: note: expanded from macro 'BOOST_PP_REPEAT_FROM_TO'
   35 | # define BOOST_PP_REPEAT_FROM_TO BOOST_PP_CAT(BOOST_PP_REPEAT_FROM_TO_, BOOST_PP_AUTO_REC(BOOST_PP_REPEAT_P, 4))
      |                                  ^
/var/local/thirdparty/installed/include/boost/preprocessor/cat.hpp:22:32: note: expanded from macro 'BOOST_PP_CAT'
   22 | #    define BOOST_PP_CAT(a, b) BOOST_PP_CAT_I(a, b)
      |                                ^
/var/local/thirdparty/installed/include/boost/preprocessor/cat.hpp:29:34: note: expanded from macro 'BOOST_PP_CAT_I'
   29 | #    define BOOST_PP_CAT_I(a, b) a ## b
      |                                  ^
<scratch space>:192:1: note: expanded from here
  192 | BOOST_PP_REPEAT_FROM_TO_1
      | ^
/home/xujia/starrocks/be/src/util/bit_packing.h:39:57: note: in instantiation of function template specialization 'starrocks::util::bitpacking_default::UnpackValues<short>' requested here
   39 |             return starrocks::util::bitpacking_default::UnpackValues(bit_width, in, in_bytes, num_values, out);
      |                                                         ^
/home/xujia/starrocks/be/src/util/bit_stream_utils.inline.h:188:32: note: in instantiation of function template specialization 'starrocks::BitPacking::UnpackValues<short>' requested here
  188 |         auto ret = BitPacking::UnpackValues(num_bits, buffer_ + byte_offset_, max_bytes_ - byte_offset_,
      |                                ^
/home/xujia/starrocks/be/src/util/rle_encoding.h:436:44: note: in instantiation of function template specialization 'starrocks::BitReader::GetBatch<short>' requested here
  436 |             if (PREDICT_FALSE(!bit_reader_.GetBatch(bit_width_, vals, read_this_time))) {
      |                                            ^
/home/xujia/starrocks/be/src/formats/parquet/level_codec.h:118:45: note: in instantiation of member function 'starrocks::RleDecoder<short>::GetBatch' requested here
  118 |             if (PREDICT_FALSE(!_rle_decoder.GetBatch(levels, n))) {
      |                                             ^
In file included from /home/xujia/starrocks/be/src/formats/parquet/group_reader.cpp:33:
In file included from /home/xujia/starrocks/be/src/formats/parquet/scalar_column_reader.h:19:
In file included from /home/xujia/starrocks/be/src/formats/parquet/stored_column_reader.h:27:
In file included from /home/xujia/starrocks/be/src/formats/parquet/column_chunk_reader.h:30:
In file included from /home/xujia/starrocks/be/src/formats/parquet/level_codec.h:28:
In file included from /home/xujia/starrocks/be/src/util/rle_encoding.h:39:
In file included from /home/xujia/starrocks/be/src/util/bit_stream_utils.inline.h:42:
In file included from /home/xujia/starrocks/be/src/util/bit_packing.h:18:
In file included from /home/xujia/starrocks/be/src/util/bit_packing_avx2.h:23:
/home/xujia/starrocks/be/src/util/bit_packing_default.h:122:60: error: shift count >= width of type [-Werror,-Wshift-count-overflow]
  122 |     constexpr uint64_t mask = BIT_WIDTH == 64 ? ~0L : (1UL << BIT_WIDTH) - 1;
      |                                                            ^  ~~~~~~~~~
/home/xujia/starrocks/be/src/util/bit_packing_default.h:166:36: note: in instantiation of function template specialization 'starrocks::util::bitpacking_default::UnpackValue<64, 12, true>' requested here
  166 |     BOOST_PP_REPEAT_FROM_TO(0, 32, UNPACK_VALUE_CALL, ignore);
      |                                    ^
/var/local/thirdparty/installed/include/boost/preprocessor/repetition/repeat_from_to.hpp:35:34: note: expanded from macro 'BOOST_PP_REPEAT_FROM_TO'
   35 | # define BOOST_PP_REPEAT_FROM_TO BOOST_PP_CAT(BOOST_PP_REPEAT_FROM_TO_, BOOST_PP_AUTO_REC(BOOST_PP_REPEAT_P, 4))
      |                                  ^
/var/local/thirdparty/installed/include/boost/preprocessor/cat.hpp:22:32: note: expanded from macro 'BOOST_PP_CAT'
   22 | #    define BOOST_PP_CAT(a, b) BOOST_PP_CAT_I(a, b)
      |                                ^
/var/local/thirdparty/installed/include/boost/preprocessor/cat.hpp:29:34: note: expanded from macro 'BOOST_PP_CAT_I'
   29 | #    define BOOST_PP_CAT_I(a, b) a ## b
      |                                  ^
<scratch space>:273:1: note: expanded from here
  273 | BOOST_PP_REPEAT_FROM_TO_1
      | ^
/home/xujia/starrocks/be/src/util/bit_packing_default.h:225:18: note: in instantiation of function template specialization 'starrocks::util::bitpacking_default::Unpack32Values<short, 64>' requested here
  225 |         in_pos = Unpack32Values<OutType, BIT_WIDTH>(in_pos, in_bytes, out_pos);
      |                  ^
/home/xujia/starrocks/be/src/util/bit_packing_default.h:258:40: note: in instantiation of function template specialization 'starrocks::util::bitpacking_default::UnpackValues<short, 64>' requested here
  258 |         BOOST_PP_REPEAT_FROM_TO(0, 65, UNPACK_VALUES_CASE, ignore);
      |                                        ^
/var/local/thirdparty/installed/include/boost/preprocessor/repetition/repeat_from_to.hpp:35:34: note: expanded from macro 'BOOST_PP_REPEAT_FROM_TO'
   35 | # define BOOST_PP_REPEAT_FROM_TO BOOST_PP_CAT(BOOST_PP_REPEAT_FROM_TO_, BOOST_PP_AUTO_REC(BOOST_PP_REPEAT_P, 4))
      |                                  ^
/var/local/thirdparty/installed/include/boost/preprocessor/cat.hpp:22:32: note: expanded from macro 'BOOST_PP_CAT'
   22 | #    define BOOST_PP_CAT(a, b) BOOST_PP_CAT_I(a, b)
      |                                ^
/var/local/thirdparty/installed/include/boost/preprocessor/cat.hpp:29:34: note: expanded from macro 'BOOST_PP_CAT_I'
   29 | #    define BOOST_PP_CAT_I(a, b) a ## b
      |                                  ^
<scratch space>:192:1: note: expanded from here
  192 | BOOST_PP_REPEAT_FROM_TO_1
      | ^
/home/xujia/starrocks/be/src/util/bit_packing.h:39:57: note: in instantiation of function template specialization 'starrocks::util::bitpacking_default::UnpackValues<short>' requested here
   39 |             return starrocks::util::bitpacking_default::UnpackValues(bit_width, in, in_bytes, num_values, out);
      |                                                         ^
/home/xujia/starrocks/be/src/util/bit_stream_utils.inline.h:188:32: note: in instantiation of function template specialization 'starrocks::BitPacking::UnpackValues<short>' requested here
  188 |         auto ret = BitPacking::UnpackValues(num_bits, buffer_ + byte_offset_, max_bytes_ - byte_offset_,
      |                                ^
/home/xujia/starrocks/be/src/util/rle_encoding.h:436:44: note: in instantiation of function template specialization 'starrocks::BitReader::GetBatch<short>' requested here
  436 |             if (PREDICT_FALSE(!bit_reader_.GetBatch(bit_width_, vals, read_this_time))) {
      |                                            ^
/home/xujia/starrocks/be/src/formats/parquet/level_codec.h:118:45: note: in instantiation of member function 'starrocks::RleDecoder<short>::GetBatch' requested here
  118 |             if (PREDICT_FALSE(!_rle_decoder.GetBatch(levels, n))) {
      |                                             ^
In file included from /home/xujia/starrocks/be/src/formats/parquet/group_reader.cpp:33:
In file included from /home/xujia/starrocks/be/src/formats/parquet/scalar_column_reader.h:19:
In file included from /home/xujia/starrocks/be/src/formats/parquet/stored_column_reader.h:27:
In file included from /home/xujia/starrocks/be/src/formats/parquet/column_chunk_reader.h:30:
In file included from /home/xujia/starrocks/be/src/formats/parquet/level_codec.h:28:
In file included from /home/xujia/starrocks/be/src/util/rle_encoding.h:39:
In file included from /home/xujia/starrocks/be/src/util/bit_stream_utils.inline.h:42:
In file included from /home/xujia/starrocks/be/src/util/bit_packing.h:18:
In file included from /home/xujia/starrocks/be/src/util/bit_packing_avx2.h:23:
/home/xujia/starrocks/be/src/util/bit_packing_default.h:122:60: error: shift count >= width of type [-Werror,-Wshift-count-overflow]
  122 |     constexpr uint64_t mask = BIT_WIDTH == 64 ? ~0L : (1UL << BIT_WIDTH) - 1;
      |                                                            ^  ~~~~~~~~~
/home/xujia/starrocks/be/src/util/bit_packing_default.h:166:36: note: in instantiation of function template specialization 'starrocks::util::bitpacking_default::UnpackValue<64, 13, true>' requested here
  166 |     BOOST_PP_REPEAT_FROM_TO(0, 32, UNPACK_VALUE_CALL, ignore);
      |                                    ^
/var/local/thirdparty/installed/include/boost/preprocessor/repetition/repeat_from_to.hpp:35:34: note: expanded from macro 'BOOST_PP_REPEAT_FROM_TO'
   35 | # define BOOST_PP_REPEAT_FROM_TO BOOST_PP_CAT(BOOST_PP_REPEAT_FROM_TO_, BOOST_PP_AUTO_REC(BOOST_PP_REPEAT_P, 4))
      |                                  ^
/var/local/thirdparty/installed/include/boost/preprocessor/cat.hpp:22:32: note: expanded from macro 'BOOST_PP_CAT'
   22 | #    define BOOST_PP_CAT(a, b) BOOST_PP_CAT_I(a, b)
      |                                ^
/var/local/thirdparty/installed/include/boost/preprocessor/cat.hpp:29:34: note: expanded from macro 'BOOST_PP_CAT_I'
   29 | #    define BOOST_PP_CAT_I(a, b) a ## b
      |                                  ^
<scratch space>:273:1: note: expanded from here
  273 | BOOST_PP_REPEAT_FROM_TO_1
      | ^
/home/xujia/starrocks/be/src/util/bit_packing_default.h:225:18: note: in instantiation of function template specialization 'starrocks::util::bitpacking_default::Unpack32Values<short, 64>' requested here
  225 |         in_pos = Unpack32Values<OutType, BIT_WIDTH>(in_pos, in_bytes, out_pos);
      |                  ^
/home/xujia/starrocks/be/src/util/bit_packing_default.h:258:40: note: in instantiation of function template specialization 'starrocks::util::bitpacking_default::UnpackValues<short, 64>' requested here
  258 |         BOOST_PP_REPEAT_FROM_TO(0, 65, UNPACK_VALUES_CASE, ignore);
      |                                        ^
/var/local/thirdparty/installed/include/boost/preprocessor/repetition/repeat_from_to.hpp:35:34: note: expanded from macro 'BOOST_PP_REPEAT_FROM_TO'
   35 | # define BOOST_PP_REPEAT_FROM_TO BOOST_PP_CAT(BOOST_PP_REPEAT_FROM_TO_, BOOST_PP_AUTO_REC(BOOST_PP_REPEAT_P, 4))
      |                                  ^
/var/local/thirdparty/installed/include/boost/preprocessor/cat.hpp:22:32: note: expanded from macro 'BOOST_PP_CAT'
   22 | #    define BOOST_PP_CAT(a, b) BOOST_PP_CAT_I(a, b)
      |                                ^
/var/local/thirdparty/installed/include/boost/preprocessor/cat.hpp:29:34: note: expanded from macro 'BOOST_PP_CAT_I'
   29 | #    define BOOST_PP_CAT_I(a, b) a ## b
      |                                  ^
<scratch space>:192:1: note: expanded from here
  192 | BOOST_PP_REPEAT_FROM_TO_1
      | ^
/home/xujia/starrocks/be/src/util/bit_packing.h:39:57: note: in instantiation of function template specialization 'starrocks::util::bitpacking_default::UnpackValues<short>' requested here
   39 |             return starrocks::util::bitpacking_default::UnpackValues(bit_width, in, in_bytes, num_values, out);
      |                                                         ^
/home/xujia/starrocks/be/src/util/bit_stream_utils.inline.h:188:32: note: in instantiation of function template specialization 'starrocks::BitPacking::UnpackValues<short>' requested here
  188 |         auto ret = BitPacking::UnpackValues(num_bits, buffer_ + byte_offset_, max_bytes_ - byte_offset_,
      |                                ^
/home/xujia/starrocks/be/src/util/rle_encoding.h:436:44: note: in instantiation of function template specialization 'starrocks::BitReader::GetBatch<short>' requested here
  436 |             if (PREDICT_FALSE(!bit_reader_.GetBatch(bit_width_, vals, read_this_time))) {
      |                                            ^
/home/xujia/starrocks/be/src/formats/parquet/level_codec.h:118:45: note: in instantiation of member function 'starrocks::RleDecoder<short>::GetBatch' requested here
  118 |             if (PREDICT_FALSE(!_rle_decoder.GetBatch(levels, n))) {
      |                                             ^
In file included from /home/xujia/starrocks/be/src/formats/parquet/group_reader.cpp:33:
In file included from /home/xujia/starrocks/be/src/formats/parquet/scalar_column_reader.h:19:
In file included from /home/xujia/starrocks/be/src/formats/parquet/stored_column_reader.h:27:
In file included from /home/xujia/starrocks/be/src/formats/parquet/column_chunk_reader.h:30:
In file included from /home/xujia/starrocks/be/src/formats/parquet/level_codec.h:28:
In file included from /home/xujia/starrocks/be/src/util/rle_encoding.h:39:
In file included from /home/xujia/starrocks/be/src/util/bit_stream_utils.inline.h:42:
In file included from /home/xujia/starrocks/be/src/util/bit_packing.h:18:
In file included from /home/xujia/starrocks/be/src/util/bit_packing_avx2.h:23:
/home/xujia/starrocks/be/src/util/bit_packing_default.h:122:60: error: shift count >= width of type [-Werror,-Wshift-count-overflow]
  122 |     constexpr uint64_t mask = BIT_WIDTH == 64 ? ~0L : (1UL << BIT_WIDTH) - 1;
      |                                                            ^  ~~~~~~~~~
/home/xujia/starrocks/be/src/util/bit_packing_default.h:166:36: note: in instantiation of function template specialization 'starrocks::util::bitpacking_default::UnpackValue<64, 14, true>' requested here
  166 |     BOOST_PP_REPEAT_FROM_TO(0, 32, UNPACK_VALUE_CALL, ignore);
      |                                    ^
/var/local/thirdparty/installed/include/boost/preprocessor/repetition/repeat_from_to.hpp:35:34: note: expanded from macro 'BOOST_PP_REPEAT_FROM_TO'
   35 | # define BOOST_PP_REPEAT_FROM_TO BOOST_PP_CAT(BOOST_PP_REPEAT_FROM_TO_, BOOST_PP_AUTO_REC(BOOST_PP_REPEAT_P, 4))
      |                                  ^
/var/local/thirdparty/installed/include/boost/preprocessor/cat.hpp:22:32: note: expanded from macro 'BOOST_PP_CAT'
   22 | #    define BOOST_PP_CAT(a, b) BOOST_PP_CAT_I(a, b)
      |                                ^
/var/local/thirdparty/installed/include/boost/preprocessor/cat.hpp:29:34: note: expanded from macro 'BOOST_PP_CAT_I'
   29 | #    define BOOST_PP_CAT_I(a, b) a ## b
      |                                  ^
<scratch space>:273:1: note: expanded from here
  273 | BOOST_PP_REPEAT_FROM_TO_1
      | ^
/home/xujia/starrocks/be/src/util/bit_packing_default.h:225:18: note: in instantiation of function template specialization 'starrocks::util::bitpacking_default::Unpack32Values<short, 64>' requested here
  225 |         in_pos = Unpack32Values<OutType, BIT_WIDTH>(in_pos, in_bytes, out_pos);
      |                  ^
/home/xujia/starrocks/be/src/util/bit_packing_default.h:258:40: note: in instantiation of function template specialization 'starrocks::util::bitpacking_default::UnpackValues<short, 64>' requested here
  258 |         BOOST_PP_REPEAT_FROM_TO(0, 65, UNPACK_VALUES_CASE, ignore);
      |                                        ^
/var/local/thirdparty/installed/include/boost/preprocessor/repetition/repeat_from_to.hpp:35:34: note: expanded from macro 'BOOST_PP_REPEAT_FROM_TO'
   35 | # define BOOST_PP_REPEAT_FROM_TO BOOST_PP_CAT(BOOST_PP_REPEAT_FROM_TO_, BOOST_PP_AUTO_REC(BOOST_PP_REPEAT_P, 4))
      |                                  ^
/var/local/thirdparty/installed/include/boost/preprocessor/cat.hpp:22:32: note: expanded from macro 'BOOST_PP_CAT'
   22 | #    define BOOST_PP_CAT(a, b) BOOST_PP_CAT_I(a, b)
      |                                ^
/var/local/thirdparty/installed/include/boost/preprocessor/cat.hpp:29:34: note: expanded from macro 'BOOST_PP_CAT_I'
   29 | #    define BOOST_PP_CAT_I(a, b) a ## b
      |                                  ^
<scratch space>:192:1: note: expanded from here
  192 | BOOST_PP_REPEAT_FROM_TO_1
      | ^
/home/xujia/starrocks/be/src/util/bit_packing.h:39:57: note: in instantiation of function template specialization 'starrocks::util::bitpacking_default::UnpackValues<short>' requested here
   39 |             return starrocks::util::bitpacking_default::UnpackValues(bit_width, in, in_bytes, num_values, out);
      |                                                         ^
/home/xujia/starrocks/be/src/util/bit_stream_utils.inline.h:188:32: note: in instantiation of function template specialization 'starrocks::BitPacking::UnpackValues<short>' requested here
  188 |         auto ret = BitPacking::UnpackValues(num_bits, buffer_ + byte_offset_, max_bytes_ - byte_offset_,
      |                                ^
/home/xujia/starrocks/be/src/util/rle_encoding.h:436:44: note: in instantiation of function template specialization 'starrocks::BitReader::GetBatch<short>' requested here
  436 |             if (PREDICT_FALSE(!bit_reader_.GetBatch(bit_width_, vals, read_this_time))) {
      |                                            ^
/home/xujia/starrocks/be/src/formats/parquet/level_codec.h:118:45: note: in instantiation of member function 'starrocks::RleDecoder<short>::GetBatch' requested here
  118 |             if (PREDICT_FALSE(!_rle_decoder.GetBatch(levels, n))) {
      |                                             ^
In file included from /home/xujia/starrocks/be/src/formats/parquet/group_reader.cpp:33:
In file included from /home/xujia/starrocks/be/src/formats/parquet/scalar_column_reader.h:19:
In file included from /home/xujia/starrocks/be/src/formats/parquet/stored_column_reader.h:27:
In file included from /home/xujia/starrocks/be/src/formats/parquet/column_chunk_reader.h:30:
In file included from /home/xujia/starrocks/be/src/formats/parquet/level_codec.h:28:
In file included from /home/xujia/starrocks/be/src/util/rle_encoding.h:39:
In file included from /home/xujia/starrocks/be/src/util/bit_stream_utils.inline.h:42:
In file included from /home/xujia/starrocks/be/src/util/bit_packing.h:18:
In file included from /home/xujia/starrocks/be/src/util/bit_packing_avx2.h:23:
/home/xujia/starrocks/be/src/util/bit_packing_default.h:122:60: error: shift count >= width of type [-Werror,-Wshift-count-overflow]
  122 |     constexpr uint64_t mask = BIT_WIDTH == 64 ? ~0L : (1UL << BIT_WIDTH) - 1;
      |                                                            ^  ~~~~~~~~~
/home/xujia/starrocks/be/src/util/bit_packing_default.h:166:36: note: in instantiation of function template specialization 'starrocks::util::bitpacking_default::UnpackValue<64, 15, true>' requested here
  166 |     BOOST_PP_REPEAT_FROM_TO(0, 32, UNPACK_VALUE_CALL, ignore);
      |                                    ^
/var/local/thirdparty/installed/include/boost/preprocessor/repetition/repeat_from_to.hpp:35:34: note: expanded from macro 'BOOST_PP_REPEAT_FROM_TO'
   35 | # define BOOST_PP_REPEAT_FROM_TO BOOST_PP_CAT(BOOST_PP_REPEAT_FROM_TO_, BOOST_PP_AUTO_REC(BOOST_PP_REPEAT_P, 4))
      |                                  ^
/var/local/thirdparty/installed/include/boost/preprocessor/cat.hpp:22:32: note: expanded from macro 'BOOST_PP_CAT'
   22 | #    define BOOST_PP_CAT(a, b) BOOST_PP_CAT_I(a, b)
      |                                ^
/var/local/thirdparty/installed/include/boost/preprocessor/cat.hpp:29:34: note: expanded from macro 'BOOST_PP_CAT_I'
   29 | #    define BOOST_PP_CAT_I(a, b) a ## b
      |                                  ^
<scratch space>:273:1: note: expanded from here
  273 | BOOST_PP_REPEAT_FROM_TO_1
      | ^
/home/xujia/starrocks/be/src/util/bit_packing_default.h:225:18: note: in instantiation of function template specialization 'starrocks::util::bitpacking_default::Unpack32Values<short, 64>' requested here
  225 |         in_pos = Unpack32Values<OutType, BIT_WIDTH>(in_pos, in_bytes, out_pos);
      |                  ^
/home/xujia/starrocks/be/src/util/bit_packing_default.h:258:40: note: in instantiation of function template specialization 'starrocks::util::bitpacking_default::UnpackValues<short, 64>' requested here
  258 |         BOOST_PP_REPEAT_FROM_TO(0, 65, UNPACK_VALUES_CASE, ignore);
      |                                        ^
/var/local/thirdparty/installed/include/boost/preprocessor/repetition/repeat_from_to.hpp:35:34: note: expanded from macro 'BOOST_PP_REPEAT_FROM_TO'
   35 | # define BOOST_PP_REPEAT_FROM_TO BOOST_PP_CAT(BOOST_PP_REPEAT_FROM_TO_, BOOST_PP_AUTO_REC(BOOST_PP_REPEAT_P, 4))
      |                                  ^
/var/local/thirdparty/installed/include/boost/preprocessor/cat.hpp:22:32: note: expanded from macro 'BOOST_PP_CAT'
   22 | #    define BOOST_PP_CAT(a, b) BOOST_PP_CAT_I(a, b)
      |                                ^
/var/local/thirdparty/installed/include/boost/preprocessor/cat.hpp:29:34: note: expanded from macro 'BOOST_PP_CAT_I'
   29 | #    define BOOST_PP_CAT_I(a, b) a ## b
      |                                  ^
<scratch space>:192:1: note: expanded from here
  192 | BOOST_PP_REPEAT_FROM_TO_1
      | ^
/home/xujia/starrocks/be/src/util/bit_packing.h:39:57: note: in instantiation of function template specialization 'starrocks::util::bitpacking_default::UnpackValues<short>' requested here
   39 |             return starrocks::util::bitpacking_default::UnpackValues(bit_width, in, in_bytes, num_values, out);
      |                                                         ^
/home/xujia/starrocks/be/src/util/bit_stream_utils.inline.h:188:32: note: in instantiation of function template specialization 'starrocks::BitPacking::UnpackValues<short>' requested here
  188 |         auto ret = BitPacking::UnpackValues(num_bits, buffer_ + byte_offset_, max_bytes_ - byte_offset_,
      |                                ^
/home/xujia/starrocks/be/src/util/rle_encoding.h:436:44: note: in instantiation of function template specialization 'starrocks::BitReader::GetBatch<short>' requested here
  436 |             if (PREDICT_FALSE(!bit_reader_.GetBatch(bit_width_, vals, read_this_time))) {
      |                                            ^
/home/xujia/starrocks/be/src/formats/parquet/level_codec.h:118:45: note: in instantiation of member function 'starrocks::RleDecoder<short>::GetBatch' requested here
  118 |             if (PREDICT_FALSE(!_rle_decoder.GetBatch(levels, n))) {
      |                                             ^
In file included from /home/xujia/starrocks/be/src/formats/parquet/group_reader.cpp:33:
In file included from /home/xujia/starrocks/be/src/formats/parquet/scalar_column_reader.h:19:
In file included from /home/xujia/starrocks/be/src/formats/parquet/stored_column_reader.h:27:
In file included from /home/xujia/starrocks/be/src/formats/parquet/column_chunk_reader.h:30:
In file included from /home/xujia/starrocks/be/src/formats/parquet/level_codec.h:28:
In file included from /home/xujia/starrocks/be/src/util/rle_encoding.h:39:
In file included from /home/xujia/starrocks/be/src/util/bit_stream_utils.inline.h:42:
In file included from /home/xujia/starrocks/be/src/util/bit_packing.h:18:
In file included from /home/xujia/starrocks/be/src/util/bit_packing_avx2.h:23:
/home/xujia/starrocks/be/src/util/bit_packing_default.h:122:60: error: shift count >= width of type [-Werror,-Wshift-count-overflow]
  122 |     constexpr uint64_t mask = BIT_WIDTH == 64 ? ~0L : (1UL << BIT_WIDTH) - 1;
      |                                                            ^  ~~~~~~~~~
/home/xujia/starrocks/be/src/util/bit_packing_default.h:166:36: note: in instantiation of function template specialization 'starrocks::util::bitpacking_default::UnpackValue<64, 16, true>' requested here
  166 |     BOOST_PP_REPEAT_FROM_TO(0, 32, UNPACK_VALUE_CALL, ignore);
      |                                    ^
/var/local/thirdparty/installed/include/boost/preprocessor/repetition/repeat_from_to.hpp:35:34: note: expanded from macro 'BOOST_PP_REPEAT_FROM_TO'
   35 | # define BOOST_PP_REPEAT_FROM_TO BOOST_PP_CAT(BOOST_PP_REPEAT_FROM_TO_, BOOST_PP_AUTO_REC(BOOST_PP_REPEAT_P, 4))
      |                                  ^
/var/local/thirdparty/installed/include/boost/preprocessor/cat.hpp:22:32: note: expanded from macro 'BOOST_PP_CAT'
   22 | #    define BOOST_PP_CAT(a, b) BOOST_PP_CAT_I(a, b)
      |                                ^
/var/local/thirdparty/installed/include/boost/preprocessor/cat.hpp:29:34: note: expanded from macro 'BOOST_PP_CAT_I'
   29 | #    define BOOST_PP_CAT_I(a, b) a ## b
      |                                  ^
<scratch space>:273:1: note: expanded from here
  273 | BOOST_PP_REPEAT_FROM_TO_1
      | ^
/home/xujia/starrocks/be/src/util/bit_packing_default.h:225:18: note: in instantiation of function template specialization 'starrocks::util::bitpacking_default::Unpack32Values<short, 64>' requested here
  225 |         in_pos = Unpack32Values<OutType, BIT_WIDTH>(in_pos, in_bytes, out_pos);
      |                  ^
/home/xujia/starrocks/be/src/util/bit_packing_default.h:258:40: note: in instantiation of function template specialization 'starrocks::util::bitpacking_default::UnpackValues<short, 64>' requested here
  258 |         BOOST_PP_REPEAT_FROM_TO(0, 65, UNPACK_VALUES_CASE, ignore);
      |                                        ^
/var/local/thirdparty/installed/include/boost/preprocessor/repetition/repeat_from_to.hpp:35:34: note: expanded from macro 'BOOST_PP_REPEAT_FROM_TO'
   35 | # define BOOST_PP_REPEAT_FROM_TO BOOST_PP_CAT(BOOST_PP_REPEAT_FROM_TO_, BOOST_PP_AUTO_REC(BOOST_PP_REPEAT_P, 4))
      |                                  ^
/var/local/thirdparty/installed/include/boost/preprocessor/cat.hpp:22:32: note: expanded from macro 'BOOST_PP_CAT'
   22 | #    define BOOST_PP_CAT(a, b) BOOST_PP_CAT_I(a, b)
      |                                ^
/var/local/thirdparty/installed/include/boost/preprocessor/cat.hpp:29:34: note: expanded from macro 'BOOST_PP_CAT_I'
   29 | #    define BOOST_PP_CAT_I(a, b) a ## b
      |                                  ^
<scratch space>:192:1: note: expanded from here
  192 | BOOST_PP_REPEAT_FROM_TO_1
      | ^
/home/xujia/starrocks/be/src/util/bit_packing.h:39:57: note: in instantiation of function template specialization 'starrocks::util::bitpacking_default::UnpackValues<short>' requested here
   39 |             return starrocks::util::bitpacking_default::UnpackValues(bit_width, in, in_bytes, num_values, out);
      |                                                         ^
/home/xujia/starrocks/be/src/util/bit_stream_utils.inline.h:188:32: note: in instantiation of function template specialization 'starrocks::BitPacking::UnpackValues<short>' requested here
  188 |         auto ret = BitPacking::UnpackValues(num_bits, buffer_ + byte_offset_, max_bytes_ - byte_offset_,
      |                                ^
/home/xujia/starrocks/be/src/util/rle_encoding.h:436:44: note: in instantiation of function template specialization 'starrocks::BitReader::GetBatch<short>' requested here
  436 |             if (PREDICT_FALSE(!bit_reader_.GetBatch(bit_width_, vals, read_this_time))) {
      |                                            ^
/home/xujia/starrocks/be/src/formats/parquet/level_codec.h:118:45: note: in instantiation of member function 'starrocks::RleDecoder<short>::GetBatch' requested here
  118 |             if (PREDICT_FALSE(!_rle_decoder.GetBatch(levels, n))) {
      |                                             ^
fatal error: too many errors emitted, stopping now [-ferror-limit=]
20 errors generated.
[234/1346] Building CXX object src/connector/CMakeFiles/Connector.dir/mysql_connector.cpp.o
FAILED: src/connector/CMakeFiles/Connector.dir/mysql_connector.cpp.o 
ccache /bin/clang++ -DHAVE_INTTYPES_H -DHAVE_NETINET_IN_H -DWITH_TENANN -I/home/xujia/starrocks/be/src/formats/orc/apache-orc/c++/include -I/home/xujia/starrocks/be/src -I/home/xujia/starrocks/be/test -I/home/xujia/starrocks/be/src/gen_cpp/build -I/var/local/thirdparty/installed/include/breakpad -I/var/local/thirdparty/installed/open_jdk/include -I/var/local/thirdparty/installed/open_jdk/include/linux -isystem /var/local/thirdparty/installed/include -isystem /var/local/thirdparty/installed/starcache/include -isystem /var/local/thirdparty/installed/starlet/third_party/include -isystem /var/local/thirdparty/installed/starlet/starlet_install/include -isystem /var/local/thirdparty/installed/gperftools/include -isystem /var/local/thirdparty/installed/jemalloc/include -isystem /var/local/thirdparty/installed/include/thrift -isystem /var/local/thirdparty/installed/include/event -isystem /var/local/thirdparty/installed/llvm/include -Wall -Wno-sign-compare -Wno-unknown-pragmas -pthread -Wno-register -Wno-strict-aliasing -fno-omit-frame-pointer -std=gnu++20 -D__STDC_FORMAT_MACROS -Wno-deprecated -Wno-vla -Wno-comment -ffile-prefix-map=/home/xujia/starrocks/be/build_Release=. -ffile-prefix-map=/home/xujia/starrocks/be=be -fno-sized-deallocation -Werror -Wno-unused-parameter -Wno-documentation -Wno-weak-vtables -Werror=string-plus-int -Werror=pessimizing-move -Werror=delete-non-virtual-dtor -Wno-reserved-identifier -Wno-suggest-destructor-override -Wno-documentation-unknown-command -Wno-old-style-cast -Wno-c++20-designator -Wno-mismatched-tags -Wno-bitwise-instead-of-logical -Wno-inconsistent-missing-override -Wno-ambiguous-reversed-operator -Wno-unsafe-buffer-usage -Wno-switch-default -DBOOST_DATE_TIME_POSIX_TIME_STD_CONFIG -DBOOST_SYSTEM_NO_DEPRECATED -DBOOST_UUID_RANDOM_PROVIDER_FORCE_POSIX -Werror=return-type -Werror=switch -DUSE_STAROS -DWITH_STARCACHE --gcc-toolchain=/bin/.. -msse4.2 -mpclmul -mavx2 -mbmi2  -Wno-attributes -DS2_USE_GFLAGS -DS2_USE_GLOG -faligned-new  -DSTARROCKS_JIT_ENABLE -g -Wno-unused-local-typedefs -O3 -gdwarf-4 -DNDEBUG -O3 -DNDEBUG -MD -MT src/connector/CMakeFiles/Connector.dir/mysql_connector.cpp.o -MF src/connector/CMakeFiles/Connector.dir/mysql_connector.cpp.o.d -o src/connector/CMakeFiles/Connector.dir/mysql_connector.cpp.o -c /home/xujia/starrocks/be/src/connector/mysql_connector.cpp
In file included from /home/xujia/starrocks/be/src/connector/mysql_connector.cpp:15:
In file included from /home/xujia/starrocks/be/src/connector/mysql_connector.h:17:
In file included from /home/xujia/starrocks/be/src/column/column.h:25:
/home/xujia/starrocks/be/src/common/cow.h:101:33: error: cannot initialize a member subobject of type 'starrocks::FixedLengthColumn<unsigned char> *' with an lvalue of type 'starrocks::Column *'
  101 |         RCPtr(RCPtr<U>&& rhs) : _t(rhs._t) {
      |                                 ^  ~~~~~~
/home/xujia/starrocks/be/src/common/cow.h:165:37: note: in instantiation of function template specialization 'starrocks::Cow<starrocks::Column>::RCPtr<starrocks::FixedLengthColumn<unsigned char>>::RCPtr<starrocks::Column>' requested here
  165 |         MutPtr(MutPtr<U>&& other) : Base(std::move(other)) {}
      |                                     ^
/home/xujia/starrocks/be/src/column/column_builder.h:214:46: note: in instantiation of function template specialization 'starrocks::Cow<starrocks::Column>::MutPtr<starrocks::FixedLengthColumn<unsigned char>>::MutPtr<starrocks::Column>' requested here
  214 |     NullColumnPtr get_null_column() { return _null_column->as_mutable_ptr(); }
      |                                              ^
In file included from /home/xujia/starrocks/be/src/connector/mysql_connector.cpp:15:
In file included from /home/xujia/starrocks/be/src/connector/mysql_connector.h:17:
In file included from /home/xujia/starrocks/be/src/column/column.h:25:
In file included from /home/xujia/starrocks/be/src/common/cow.h:22:
/home/xujia/starrocks/be/src/gutil/casts.h:80:12: error: static_cast from 'const starrocks::Column *' to 'starrocks::ConstColumn *' casts away qualifiers
   80 |     return static_cast<To>(f);
      |            ^~~~~~~~~~~~~~~~~~
/home/xujia/starrocks/be/src/exprs/in_const_predicate.hpp:483:25: note: in instantiation of function template specialization 'down_cast<starrocks::ConstColumn *, const starrocks::Column>' requested here
  483 |                 value = down_cast<ConstColumn*>(value.get())->data_column();
      |                         ^
2 errors generated.
[235/1346] Building CXX object src/exec/CMakeFiles/Exec.dir/tablet_sink.cpp.o
FAILED: src/exec/CMakeFiles/Exec.dir/tablet_sink.cpp.o 
ccache /bin/clang++ -DHAVE_INTTYPES_H -DHAVE_NETINET_IN_H -DWITH_TENANN -I/home/xujia/starrocks/be/src/formats/orc/apache-orc/c++/include -I/home/xujia/starrocks/be/src -I/home/xujia/starrocks/be/test -I/home/xujia/starrocks/be/src/gen_cpp/build -I/var/local/thirdparty/installed/include/breakpad -I/var/local/thirdparty/installed/open_jdk/include -I/var/local/thirdparty/installed/open_jdk/include/linux -isystem /var/local/thirdparty/installed/include -isystem /var/local/thirdparty/installed/starcache/include -isystem /var/local/thirdparty/installed/starlet/third_party/include -isystem /var/local/thirdparty/installed/starlet/starlet_install/include -isystem /var/local/thirdparty/installed/gperftools/include -isystem /var/local/thirdparty/installed/jemalloc/include -isystem /var/local/thirdparty/installed/include/thrift -isystem /var/local/thirdparty/installed/include/event -isystem /var/local/thirdparty/installed/llvm/include -Wall -Wno-sign-compare -Wno-unknown-pragmas -pthread -Wno-register -Wno-strict-aliasing -fno-omit-frame-pointer -std=gnu++20 -D__STDC_FORMAT_MACROS -Wno-deprecated -Wno-vla -Wno-comment -ffile-prefix-map=/home/xujia/starrocks/be/build_Release=. -ffile-prefix-map=/home/xujia/starrocks/be=be -fno-sized-deallocation -Werror -Wno-unused-parameter -Wno-documentation -Wno-weak-vtables -Werror=string-plus-int -Werror=pessimizing-move -Werror=delete-non-virtual-dtor -Wno-reserved-identifier -Wno-suggest-destructor-override -Wno-documentation-unknown-command -Wno-old-style-cast -Wno-c++20-designator -Wno-mismatched-tags -Wno-bitwise-instead-of-logical -Wno-inconsistent-missing-override -Wno-ambiguous-reversed-operator -Wno-unsafe-buffer-usage -Wno-switch-default -DBOOST_DATE_TIME_POSIX_TIME_STD_CONFIG -DBOOST_SYSTEM_NO_DEPRECATED -DBOOST_UUID_RANDOM_PROVIDER_FORCE_POSIX -Werror=return-type -Werror=switch -DUSE_STAROS -DWITH_STARCACHE --gcc-toolchain=/bin/.. -msse4.2 -mpclmul -mavx2 -mbmi2  -Wno-attributes -DS2_USE_GFLAGS -DS2_USE_GLOG -faligned-new  -DSTARROCKS_JIT_ENABLE -g -Wno-unused-local-typedefs -O3 -gdwarf-4 -DNDEBUG -O3 -DNDEBUG -MD -MT src/exec/CMakeFiles/Exec.dir/tablet_sink.cpp.o -MF src/exec/CMakeFiles/Exec.dir/tablet_sink.cpp.o.d -o src/exec/CMakeFiles/Exec.dir/tablet_sink.cpp.o -c /home/xujia/starrocks/be/src/exec/tablet_sink.cpp
In file included from /home/xujia/starrocks/be/src/exec/tablet_sink.cpp:35:
In file included from /home/xujia/starrocks/be/src/exec/tablet_sink.h:37:
In file included from /home/xujia/starrocks/be/src/exec/tablet_sink_sender.h:17:
In file included from /home/xujia/starrocks/be/src/exec/tablet_sink_index_channel.h:28:
In file included from /home/xujia/starrocks/be/src/exec/async_data_sink.h:17:
In file included from /home/xujia/starrocks/be/src/exec/data_sink.h:42:
In file included from /home/xujia/starrocks/be/src/exec/exec_node.h:45:
In file included from /home/xujia/starrocks/be/src/exprs/runtime_filter_bank.h:21:
In file included from /home/xujia/starrocks/be/src/column/column.h:25:
In file included from /home/xujia/starrocks/be/src/common/cow.h:22:
/home/xujia/starrocks/be/src/gutil/casts.h:80:12: error: static_cast from 'const starrocks::Column *' to 'starrocks::NullableColumn *' casts away qualifiers
   80 |     return static_cast<To>(f);
      |            ^~~~~~~~~~~~~~~~~~
/home/xujia/starrocks/be/src/exec/tablet_sink.cpp:995:30: note: in instantiation of function template specialization 'down_cast<starrocks::NullableColumn *, const starrocks::Column>' requested here
  995 |             auto* nullable = down_cast<NullableColumn*>(column_ptr.get());
      |                              ^
1 error generated.
[236/1346] Building CXX object src/exec/CMakeFiles/Exec.dir/pipeline/hashjoin/hash_join_build_operator.cpp.o
FAILED: src/exec/CMakeFiles/Exec.dir/pipeline/hashjoin/hash_join_build_operator.cpp.o 
ccache /bin/clang++ -DHAVE_INTTYPES_H -DHAVE_NETINET_IN_H -DWITH_TENANN -I/home/xujia/starrocks/be/src/formats/orc/apache-orc/c++/include -I/home/xujia/starrocks/be/src -I/home/xujia/starrocks/be/test -I/home/xujia/starrocks/be/src/gen_cpp/build -I/var/local/thirdparty/installed/include/breakpad -I/var/local/thirdparty/installed/open_jdk/include -I/var/local/thirdparty/installed/open_jdk/include/linux -isystem /var/local/thirdparty/installed/include -isystem /var/local/thirdparty/installed/starcache/include -isystem /var/local/thirdparty/installed/starlet/third_party/include -isystem /var/local/thirdparty/installed/starlet/starlet_install/include -isystem /var/local/thirdparty/installed/gperftools/include -isystem /var/local/thirdparty/installed/jemalloc/include -isystem /var/local/thirdparty/installed/include/thrift -isystem /var/local/thirdparty/installed/include/event -isystem /var/local/thirdparty/installed/llvm/include -Wall -Wno-sign-compare -Wno-unknown-pragmas -pthread -Wno-register -Wno-strict-aliasing -fno-omit-frame-pointer -std=gnu++20 -D__STDC_FORMAT_MACROS -Wno-deprecated -Wno-vla -Wno-comment -ffile-prefix-map=/home/xujia/starrocks/be/build_Release=. -ffile-prefix-map=/home/xujia/starrocks/be=be -fno-sized-deallocation -Werror -Wno-unused-parameter -Wno-documentation -Wno-weak-vtables -Werror=string-plus-int -Werror=pessimizing-move -Werror=delete-non-virtual-dtor -Wno-reserved-identifier -Wno-suggest-destructor-override -Wno-documentation-unknown-command -Wno-old-style-cast -Wno-c++20-designator -Wno-mismatched-tags -Wno-bitwise-instead-of-logical -Wno-inconsistent-missing-override -Wno-ambiguous-reversed-operator -Wno-unsafe-buffer-usage -Wno-switch-default -DBOOST_DATE_TIME_POSIX_TIME_STD_CONFIG -DBOOST_SYSTEM_NO_DEPRECATED -DBOOST_UUID_RANDOM_PROVIDER_FORCE_POSIX -Werror=return-type -Werror=switch -DUSE_STAROS -DWITH_STARCACHE --gcc-toolchain=/bin/.. -msse4.2 -mpclmul -mavx2 -mbmi2  -Wno-attributes -DS2_USE_GFLAGS -DS2_USE_GLOG -faligned-new  -DSTARROCKS_JIT_ENABLE -g -Wno-unused-local-typedefs -O3 -gdwarf-4 -DNDEBUG -O3 -DNDEBUG -MD -MT src/exec/CMakeFiles/Exec.dir/pipeline/hashjoin/hash_join_build_operator.cpp.o -MF src/exec/CMakeFiles/Exec.dir/pipeline/hashjoin/hash_join_build_operator.cpp.o.d -o src/exec/CMakeFiles/Exec.dir/pipeline/hashjoin/hash_join_build_operator.cpp.o -c /home/xujia/starrocks/be/src/exec/pipeline/hashjoin/hash_join_build_operator.cpp
In file included from /home/xujia/starrocks/be/src/exec/pipeline/hashjoin/hash_join_build_operator.cpp:20:
In file included from /home/xujia/starrocks/be/src/exec/hash_joiner.h:24:
In file included from /home/xujia/starrocks/be/src/exec/hash_join_components.h:22:
/home/xujia/starrocks/be/src/exec/join/join_hash_map.h:106:40: error: cannot initialize a parameter of type 'MutableColumnPtr *' (aka 'MutPtr<starrocks::Column> *') with an rvalue of type 'ColumnPtr *' (aka 'ImmutPtr<starrocks::Column> *')
  106 |                     _copy_probe_column(&column, chunk, slot, to_nullable);
      |                                        ^~~~~~~
/home/xujia/starrocks/be/src/exec/join/join_hash_map.h:114:47: note: passing argument to parameter 'src_column' here
  114 |     void _copy_probe_column(MutableColumnPtr* src_column, ChunkPtr* chunk, const SlotDescriptor* slot, bool to_nullable) {
      |                                               ^
/home/xujia/starrocks/be/src/exec/join/join_hash_map.h:108:49: error: cannot initialize a parameter of type 'MutableColumnPtr *' (aka 'MutPtr<starrocks::Column> *') with an rvalue of type 'ColumnPtr *' (aka 'ImmutPtr<starrocks::Column> *')
  108 |                     _copy_probe_nullable_column(&column, chunk, slot);
      |                                                 ^~~~~~~
/home/xujia/starrocks/be/src/exec/join/join_hash_map.h:130:56: note: passing argument to parameter 'src_column' here
  130 |     void _copy_probe_nullable_column(MutableColumnPtr* src_column, ChunkPtr* chunk, const SlotDescriptor* slot) {
      |                                                        ^
In file included from /home/xujia/starrocks/be/src/exec/pipeline/hashjoin/hash_join_build_operator.cpp:15:
In file included from /home/xujia/starrocks/be/src/exec/pipeline/hashjoin/hash_join_build_operator.h:17:
In file included from /home/xujia/starrocks/be/src/exprs/predicate.h:37:
In file included from /home/xujia/starrocks/be/src/exprs/expr.h:44:
In file included from /home/xujia/starrocks/be/src/exprs/expr_context.h:42:
In file included from /home/xujia/starrocks/be/src/exprs/function_context.h:25:
In file included from /home/xujia/starrocks/be/src/column/column.h:25:
/home/xujia/starrocks/be/src/common/cow.h:101:33: error: cannot initialize a member subobject of type 'starrocks::FixedLengthColumn<unsigned char> *' with an lvalue of type 'starrocks::Column *'
  101 |         RCPtr(RCPtr<U>&& rhs) : _t(rhs._t) {
      |                                 ^  ~~~~~~
/home/xujia/starrocks/be/src/common/cow.h:165:37: note: in instantiation of function template specialization 'starrocks::Cow<starrocks::Column>::RCPtr<starrocks::FixedLengthColumn<unsigned char>>::RCPtr<starrocks::Column>' requested here
  165 |         MutPtr(MutPtr<U>&& other) : Base(std::move(other)) {}
      |                                     ^
/home/xujia/starrocks/be/src/column/column_builder.h:214:46: note: in instantiation of function template specialization 'starrocks::Cow<starrocks::Column>::MutPtr<starrocks::FixedLengthColumn<unsigned char>>::MutPtr<starrocks::Column>' requested here
  214 |     NullColumnPtr get_null_column() { return _null_column->as_mutable_ptr(); }
      |                                              ^
In file included from /home/xujia/starrocks/be/src/exec/pipeline/hashjoin/hash_join_build_operator.cpp:15:
In file included from /home/xujia/starrocks/be/src/exec/pipeline/hashjoin/hash_join_build_operator.h:17:
In file included from /home/xujia/starrocks/be/src/exprs/predicate.h:37:
In file included from /home/xujia/starrocks/be/src/exprs/expr.h:44:
In file included from /home/xujia/starrocks/be/src/exprs/expr_context.h:42:
In file included from /home/xujia/starrocks/be/src/exprs/function_context.h:25:
In file included from /home/xujia/starrocks/be/src/column/column.h:25:
In file included from /home/xujia/starrocks/be/src/common/cow.h:22:
/home/xujia/starrocks/be/src/gutil/casts.h:80:12: error: static_cast from 'const starrocks::Column *' to 'starrocks::ConstColumn *' casts away qualifiers
   80 |     return static_cast<To>(f);
      |            ^~~~~~~~~~~~~~~~~~
/home/xujia/starrocks/be/src/exprs/in_const_predicate.hpp:483:25: note: in instantiation of function template specialization 'down_cast<starrocks::ConstColumn *, const starrocks::Column>' requested here
  483 |                 value = down_cast<ConstColumn*>(value.get())->data_column();
      |                         ^
4 errors generated.
[237/1346] Building CXX object src/exec/CMakeFiles/Exec.dir/aggregate/aggregate_base_node.cpp.o
[238/1346] Building CXX object src/exec/CMakeFiles/Exec.dir/aggregate/aggregate_blocking_node.cpp.o
[239/1346] Building CXX object src/exec/CMakeFiles/Exec.dir/aggregate/distinct_blocking_node.cpp.o
[240/1346] Building CXX object src/exec/CMakeFiles/Exec.dir/exec_node.cpp.o
FAILED: src/exec/CMakeFiles/Exec.dir/exec_node.cpp.o 
ccache /bin/clang++ -DHAVE_INTTYPES_H -DHAVE_NETINET_IN_H -DWITH_TENANN -I/home/xujia/starrocks/be/src/formats/orc/apache-orc/c++/include -I/home/xujia/starrocks/be/src -I/home/xujia/starrocks/be/test -I/home/xujia/starrocks/be/src/gen_cpp/build -I/var/local/thirdparty/installed/include/breakpad -I/var/local/thirdparty/installed/open_jdk/include -I/var/local/thirdparty/installed/open_jdk/include/linux -isystem /var/local/thirdparty/installed/include -isystem /var/local/thirdparty/installed/starcache/include -isystem /var/local/thirdparty/installed/starlet/third_party/include -isystem /var/local/thirdparty/installed/starlet/starlet_install/include -isystem /var/local/thirdparty/installed/gperftools/include -isystem /var/local/thirdparty/installed/jemalloc/include -isystem /var/local/thirdparty/installed/include/thrift -isystem /var/local/thirdparty/installed/include/event -isystem /var/local/thirdparty/installed/llvm/include -Wall -Wno-sign-compare -Wno-unknown-pragmas -pthread -Wno-register -Wno-strict-aliasing -fno-omit-frame-pointer -std=gnu++20 -D__STDC_FORMAT_MACROS -Wno-deprecated -Wno-vla -Wno-comment -ffile-prefix-map=/home/xujia/starrocks/be/build_Release=. -ffile-prefix-map=/home/xujia/starrocks/be=be -fno-sized-deallocation -Werror -Wno-unused-parameter -Wno-documentation -Wno-weak-vtables -Werror=string-plus-int -Werror=pessimizing-move -Werror=delete-non-virtual-dtor -Wno-reserved-identifier -Wno-suggest-destructor-override -Wno-documentation-unknown-command -Wno-old-style-cast -Wno-c++20-designator -Wno-mismatched-tags -Wno-bitwise-instead-of-logical -Wno-inconsistent-missing-override -Wno-ambiguous-reversed-operator -Wno-unsafe-buffer-usage -Wno-switch-default -DBOOST_DATE_TIME_POSIX_TIME_STD_CONFIG -DBOOST_SYSTEM_NO_DEPRECATED -DBOOST_UUID_RANDOM_PROVIDER_FORCE_POSIX -Werror=return-type -Werror=switch -DUSE_STAROS -DWITH_STARCACHE --gcc-toolchain=/bin/.. -msse4.2 -mpclmul -mavx2 -mbmi2  -Wno-attributes -DS2_USE_GFLAGS -DS2_USE_GLOG -faligned-new  -DSTARROCKS_JIT_ENABLE -g -Wno-unused-local-typedefs -O3 -gdwarf-4 -DNDEBUG -O3 -DNDEBUG -MD -MT src/exec/CMakeFiles/Exec.dir/exec_node.cpp.o -MF src/exec/CMakeFiles/Exec.dir/exec_node.cpp.o.d -o src/exec/CMakeFiles/Exec.dir/exec_node.cpp.o -c /home/xujia/starrocks/be/src/exec/exec_node.cpp
In file included from /home/xujia/starrocks/be/src/exec/exec_node.cpp:61:
In file included from /home/xujia/starrocks/be/src/exec/hash_join_node.h:21:
/home/xujia/starrocks/be/src/exec/join/join_hash_map.h:106:40: error: cannot initialize a parameter of type 'MutableColumnPtr *' (aka 'MutPtr<starrocks::Column> *') with an rvalue of type 'ColumnPtr *' (aka 'ImmutPtr<starrocks::Column> *')
  106 |                     _copy_probe_column(&column, chunk, slot, to_nullable);
      |                                        ^~~~~~~
/home/xujia/starrocks/be/src/exec/join/join_hash_map.h:114:47: note: passing argument to parameter 'src_column' here
  114 |     void _copy_probe_column(MutableColumnPtr* src_column, ChunkPtr* chunk, const SlotDescriptor* slot, bool to_nullable) {
      |                                               ^
/home/xujia/starrocks/be/src/exec/join/join_hash_map.h:108:49: error: cannot initialize a parameter of type 'MutableColumnPtr *' (aka 'MutPtr<starrocks::Column> *') with an rvalue of type 'ColumnPtr *' (aka 'ImmutPtr<starrocks::Column> *')
  108 |                     _copy_probe_nullable_column(&column, chunk, slot);
      |                                                 ^~~~~~~
/home/xujia/starrocks/be/src/exec/join/join_hash_map.h:130:56: note: passing argument to parameter 'src_column' here
  130 |     void _copy_probe_nullable_column(MutableColumnPtr* src_column, ChunkPtr* chunk, const SlotDescriptor* slot) {
      |                                                        ^
2 errors generated.
[241/1346] Building CXX object src/exec/CMakeFiles/Exec.dir/sorted_streaming_aggregator.cpp.o
[242/1346] Building CXX object src/exec/CMakeFiles/Exec.dir/aggregate/agg_hash_variant.cpp.o
[243/1346] Building CXX object src/exec/CMakeFiles/Exec.dir/agg_runtime_filter_builder.cpp.o
ninja: build stopped: interrupted by user.
